Workbook

Sheet Objective
B2: OBJECTIVE | K2: Buckets created after combining similar categories
K3: Food & Beverages | L3: Energy | M3: Transportation | N3: Education | O3: Health and Personal care | P3: Housing and Household | Q3: Clothing and Footwear | R3: Recreation and miscellaneous
K4: Cereals and products | L4: Fuel and light | M4: Transport and communication | N4: Education | O4: Health | P4: Housing | Q4: Clothing | R4: Pan, tobacco and intoxicants
K5: Meat and fish | O5: Personal care and effects | P5: Household goods and services | Q5: Footwear | R5: Recreation and amusement
K6: Egg | Q6: Clothing and footwear | R6: Miscellaneous
K7: Milk and products
K8: Oils and fats
K9: Fruits
K10: Vegetables
K11: Pulses and products
K12: Sugar and Confectionery
K13: Spices
K14: Non-alcoholic beverages
K15: Prepared meals, snacks, sweets etc.
K16: Food and beverages

Sheet Original Data
A1: Sector | B1: Year | C1: Month | D1: Cereals and products | E1: Meat and fish | F1: Egg | G1: Milk and products | H1: Oils and fats | I1: Fruits | J1: Vegetables | K1: Pulses and products | L1: Sugar and Confectionery | M1: Spices | N1: Non-alcoholic beverages | O1: Prepared meals, snacks, sweets etc. | P1: Food and beverages | Q1: Pan, tobacco and intoxicants | R1: Clothing | S1: Footwear | T1: Clothing and footwear | U1: Housing | V1: Fuel and light | W1: Household goods and services | X1: Health | Y1: Transport and communication | Z1: Recreation and amusement | AA1: Education | AB1: Personal care and effects | AC1: Miscellaneous | AD1: General index
A2: Rural | B2: 2013 | C2: January | D2: 107.5 | E2: 106.3 | F2: 108.1 | G2: 104.9 | H2: 106.1 | I2: 103.9 | J2: 101.9 | K2: 106.1 | L2: 106.8 | M2: 103.1 | N2: 104.8 | O2: 106.7 | P2: 105.5 | Q2: 105.1 | R2: 106.5 | S2: 105.8 | T2: 106.4 | U2: NA | V2: 105.5 | W2: 104.8 | X2: 104 | Y2: 103.3 | Z2: 103.4 | AA2: 103.8 | AB2: 104.7 | AC2: 104 | AD2: 105.1
A3: Urban | B3: 2013 | C3: January | D3: 110.5 | E3: 109.1 | F3: 113 | G3: 103.6 | H3: 103.4 | I3: 102.3 | J3: 102.9 | K3: 105.8 | L3: 105.1 | M3: 101.8 | N3: 105.1 | O3: 107.9 | P3: 105.9 | Q3: 105.2 | R3: 105.9 | S3: 105 | T3: 105.8 | U3: 100.3 | V3: 105.4 | W3: 104.8 | X3: 104.1 | Y3: 103.2 | Z3: 102.9 | AA3: 103.5 | AB3: 104.3 | AC3: 103.7 | AD3: 104
A4: Rural+Urban | B4: 2013 | C4: January | D4: 108.4 | E4: 107.3 | F4: 110 | G4: 104.4 | H4: 105.1 | I4: 103.2 | J4: 102.2 | K4: 106 | L4: 106.2 | M4: 102.7 | N4: 104.9 | O4: 107.3 | P4: 105.6 | Q4: 105.1 | R4: 106.3 | S4: 105.5 | T4: 106.2 | U4: 100.3 | V4: 105.5 | W4: 104.8 | X4: 104 | Y4: 103.2 | Z4: 103.1 | AA4: 103.6 | AB4: 104.5 | AC4: 103.9 | AD4: 104.6
A5: Rural | B5: 2013 | C5: February | D5: 109.2 | E5: 108.7 | F5: 110.2 | G5: 105.4 | H5: 106.7 | I5: 104 | J5: 102.4 | K5: 105.9 | L5: 105.7 | M5: 103.1 | N5: 105.1 | O5: 107.7 | P5: 106.3 | Q5: 105.6 | R5: 107.1 | S5: 106.3 | T5: 107 | U5: NA | V5: 106.2 | W5: 105.2 | X5: 104.4 | Y5: 103.9 | Z5: 104 | AA5: 104.1 | AB5: 104.6 | AC5: 104.4 | AD5: 105.8
A6: Urban | B6: 2013 | C6: February | D6: 112.9 | E6: 112.9 | F6: 116.9 | G6: 104 | H6: 103.5 | I6: 103.1 | J6: 104.9 | K6: 104.1 | L6: 103.8 | M6: 102.3 | N6: 106 | O6: 109 | P6: 107.2 | Q6: 106 | R6: 106.6 | S6: 105.5 | T6: 106.4 | U6: 100.4 | V6: 105.7 | W6: 105.2 | X6: 104.7 | Y6: 104.4 | Z6: 103.3 | AA6: 103.7 | AB6: 104.3 | AC6: 104.3 | AD6: 104.7
A7: Rural+Urban | B7: 2013 | C7: February | D7: 110.4 | E7: 110.2 | F7: 112.8 | G7: 104.9 | H7: 105.5 | I7: 103.6 | J7: 103.2 | K7: 105.3 | L7: 105.1 | M7: 102.8 | N7: 105.5 | O7: 108.3 | P7: 106.6 | Q7: 105.7 | R7: 106.9 | S7: 106 | T7: 106.8 | U7: 100.4 | V7: 106 | W7: 105.2 | X7: 104.5 | Y7: 104.2 | Z7: 103.6 | AA7: 103.9 | AB7: 104.5 | AC7: 104.4 | AD7: 105.3
A8: Rural | B8: 2013 | C8: March | D8: 110.2 | E8: 108.8 | F8: 109.9 | G8: 105.6 | H8: 106.2 | I8: 105.7 | J8: 101.4 | K8: 105.7 | L8: 105 | M8: 103.3 | N8: 105.6 | O8: 108.2 | P8: 106.6 | Q8: 106.5 | R8: 107.6 | S8: 106.8 | T8: 107.5 | U8: NA | V8: 106.1 | W8: 105.6 | X8: 104.7 | Y8: 104.6 | Z8: 104 | AA8: 104.3 | AB8: 104.3 | AC8: 104.6 | AD8: 106
A9: Urban | B9: 2013 | C9: March | D9: 113.9 | E9: 111.4 | F9: 113.2 | G9: 104.3 | H9: 102.7 | I9: 104.9 | J9: 103.8 | K9: 103.5 | L9: 102.6 | M9: 102.4 | N9: 107 | O9: 109.8 | P9: 107.3 | Q9: 106.8 | R9: 107.2 | S9: 106 | T9: 107 | U9: 100.4 | V9: 106 | W9: 105.7 | X9: 105.2 | Y9: 105.5 | Z9: 103.5 | AA9: 103.8 | AB9: 104.2 | AC9: 104.9 | AD9: 105
A10: Rural+Urban | B10: 2013 | C10: March | D10: 111.4 | E10: 109.7 | F10: 111.2 | G10: 105.1 | H10: 104.9 | I10: 105.3 | J10: 102.2 | K10: 105 | L10: 104.2 | M10: 103 | N10: 106.2 | O10: 108.9 | P10: 106.9 | Q10: 106.6 | R10: 107.4 | S10: 106.5 | T10: 107.3 | U10: 100.4 | V10: 106.1 | W10: 105.6 | X10: 104.9 | Y10: 105.1 | Z10: 103.7 | AA10: 104 | AB10: 104.3 | AC10: 104.7 | AD10: 105.5
A11: Rural | B11: 2013 | C11: April | D11: 110.2 | E11: 109.5 | F11: 106.9 | G11: 106.3 | H11: 105.7 | I11: 108.3 | J11: 103.4 | K11: 105.7 | L11: 104.2 | M11: 103.2 | N11: 106.5 | O11: 108.8 | P11: 107.1 | Q11: 107.1 | R11: 108.1 | S11: 107.4 | T11: 108 | U11: NA | V11: 106.5 | W11: 106.1 | X11: 105.1 | Y11: 104.4 | Z11: 104.5 | AA11: 104.8 | AB11: 102.7 | AC11: 104.6 | AD11: 106.4
A12: Urban | B12: 2013 | C12: April | D12: 114.6 | E12: 113.4 | F12: 106 | G12: 104.7 | H12: 102.1 | I12: 109.5 | J12: 109.7 | K12: 104.6 | L12: 102 | M12: 103.5 | N12: 108.2 | O12: 110.6 | P12: 108.8 | Q12: 108.5 | R12: 107.9 | S12: 106.4 | T12: 107.7 | U12: 100.5 | V12: 106.4 | W12: 106.5 | X12: 105.7 | Y12: 105 | Z12: 104 | AA12: 105.2 | AB12: 103.2 | AC12: 105.1 | AD12: 105.7
A13: Rural+Urban | B13: 2013 | C13: April | D13: 111.6 | E13: 110.9 | F13: 106.6 | G13: 105.7 | H13: 104.4 | I13: 108.9 | J13: 105.5 | K13: 105.3 | L13: 103.5 | M13: 103.3 | N13: 107.2 | O13: 109.6 | P13: 107.7 | Q13: 107.5 | R13: 108 | S13: 107 | T13: 107.9 | U13: 100.5 | V13: 106.5 | W13: 106.3 | X13: 105.3 | Y13: 104.7 | Z13: 104.2 | AA13: 105 | AB13: 102.9 | AC13: 104.8 | AD13: 106.1
A14: Rural | B14: 2013 | C14: May | D14: 110.9 | E14: 109.8 | F14: 105.9 | G14: 107.5 | H14: 105.3 | I14: 108.1 | J14: 107.3 | K14: 106.1 | L14: 103.7 | M14: 104 | N14: 107.4 | O14: 109.9 | P14: 108.1 | Q14: 108.1 | R14: 108.8 | S14: 107.9 | T14: 108.6 | U14: NA | V14: 107.5 | W14: 106.8 | X14: 105.7 | Y14: 104.1 | Z14: 105 | AA14: 105.5 | AB14: 102.1 | AC14: 104.8 | AD14: 107.2
A15: Urban | B15: 2013 | C15: May | D15: 115.4 | E15: 114.2 | F15: 102.7 | G15: 105.5 | H15: 101.5 | I15: 110.6 | J15: 123.7 | K15: 105.2 | L15: 101.9 | M15: 105 | N15: 109.1 | O15: 111.3 | P15: 111.1 | Q15: 109.8 | R15: 108.5 | S15: 106.7 | T15: 108.3 | U15: 100.5 | V15: 107.2 | W15: 107.1 | X15: 106.2 | Y15: 103.9 | Z15: 104.6 | AA15: 105.7 | AB15: 102.6 | AC15: 104.9 | AD15: 106.6
A16: Rural+Urban | B16: 2013 | C16: May | D16: 112.3 | E16: 111.3 | F16: 104.7 | G16: 106.8 | H16: 103.9 | I16: 109.3 | J16: 112.9 | K16: 105.8 | L16: 103.1 | M16: 104.3 | N16: 108.1 | O16: 110.5 | P16: 109.2 | Q16: 108.6 | R16: 108.7 | S16: 107.4 | T16: 108.5 | U16: 100.5 | V16: 107.4 | W16: 106.9 | X16: 105.9 | Y16: 104 | Z16: 104.8 | AA16: 105.6 | AB16: 102.3 | AC16: 104.8 | AD16: 106.9
A17: Rural | B17: 2013 | C17: June | D17: 112.3 | E17: 112.1 | F17: 108.1 | G17: 108.3 | H17: 105.9 | I17: 109.2 | J17: 118 | K17: 106.8 | L17: 104.1 | M17: 105.4 | N17: 108.2 | O17: 111 | P17: 110.6 | Q17: 109 | R17: 109.7 | S17: 108.8 | T17: 109.5 | U17: NA | V17: 108.5 | W17: 107.5 | X17: 106.3 | Y17: 105 | Z17: 105.6 | AA17: 106.5 | AB17: 102.5 | AC17: 105.5 | AD17: 108.9
A18: Urban | B18: 2013 | C18: June | D18: 117 | E18: 120.1 | F18: 112.5 | G18: 107.3 | H18: 101.3 | I18: 112.4 | J18: 143.6 | K18: 105.4 | L18: 101.4 | M18: 106.4 | N18: 110 | O18: 112.2 | P18: 115 | Q18: 110.9 | R18: 109.2 | S18: 107.2 | T18: 108.9 | U18: 106.6 | V18: 108 | W18: 107.7 | X18: 106.5 | Y18: 105.2 | Z18: 105.2 | AA18: 108.1 | AB18: 103.3 | AC18: 106.1 | AD18: 109.7
A19: Rural+Urban | B19: 2013 | C19: June | D19: 113.8 | E19: 114.9 | F19: 109.8 | G19: 107.9 | H19: 104.2 | I19: 110.7 | J19: 126.7 | K19: 106.3 | L19: 103.2 | M19: 105.7 | N19: 109 | O19: 111.6 | P19: 112.2 | Q19: 109.5 | R19: 109.5 | S19: 108.1 | T19: 109.3 | U19: 106.6 | V19: 108.3 | W19: 107.6 | X19: 106.4 | Y19: 105.1 | Z19: 105.4 | AA19: 107.4 | AB19: 102.8 | AC19: 105.8 | AD19: 109.3
A20: Rural | B20: 2013 | C20: July | D20: 113.4 | E20: 114.9 | F20: 110.5 | G20: 109.3 | H20: 106.2 | I20: 110.3 | J20: 129.2 | K20: 107.1 | L20: 104.3 | M20: 106.4 | N20: 109.1 | O20: 112.1 | P20: 113.1 | Q20: 109.8 | R20: 110.5 | S20: 109.5 | T20: 110.3 | U20: NA | V20: 109.5 | W20: 108.3 | X20: 106.9 | Y20: 106.8 | Z20: 106.4 | AA20: 107.8 | AB20: 102.5 | AC20: 106.5 | AD20: 110.7
A21: Urban | B21: 2013 | C21: July | D21: 117.8 | E21: 119.2 | F21: 114 | G21: 108.3 | H21: 101.1 | I21: 113.2 | J21: 160.9 | K21: 105.1 | L21: 101.3 | M21: 107.5 | N21: 110.4 | O21: 113.1 | P21: 117.5 | Q21: 111.7 | R21: 109.8 | S21: 107.8 | T21: 109.5 | U21: 107.7 | V21: 108.6 | W21: 108.1 | X21: 107.1 | Y21: 107.3 | Z21: 105.9 | AA21: 110.1 | AB21: 103.2 | AC21: 107.3 | AD21: 111.4
A22: Rural+Urban | B22: 2013 | C22: July | D22: 114.8 | E22: 116.4 | F22: 111.9 | G22: 108.9 | H22: 104.3 | I22: 111.7 | J22: 140 | K22: 106.4 | L22: 103.3 | M22: 106.8 | N22: 109.6 | O22: 112.6 | P22: 114.7 | Q22: 110.3 | R22: 110.2 | S22: 108.8 | T22: 110 | U22: 107.7 | V22: 109.2 | W22: 108.2 | X22: 107 | Y22: 107.1 | Z22: 106.1 | AA22: 109.1 | AB22: 102.8 | AC22: 106.9 | AD22: 111
A23: Rural | B23: 2013 | C23: August | D23: 114.3 | E23: 115.4 | F23: 111.1 | G23: 110 | H23: 106.4 | I23: 110.8 | J23: 138.9 | K23: 107.4 | L23: 104.1 | M23: 106.9 | N23: 109.7 | O23: 112.6 | P23: 114.9 | Q23: 110.7 | R23: 111.3 | S23: 110.2 | T23: 111.1 | U23: NA | V23: 109.9 | W23: 108.7 | X23: 107.5 | Y23: 107.8 | Z23: 106.8 | AA23: 108.7 | AB23: 105 | AC23: 107.5 | AD23: 112.1
A24: Urban | B24: 2013 | C24: August | D24: 118.3 | E24: 120.4 | F24: 112.7 | G24: 108.9 | H24: 101.1 | I24: 108.7 | J24: 177 | K24: 104.7 | L24: 101 | M24: 108.5 | N24: 110.9 | O24: 114.3 | P24: 119.6 | Q24: 112.4 | R24: 110.6 | S24: 108.3 | T24: 110.2 | U24: 108.9 | V24: 109.3 | W24: 108.7 | X24: 107.6 | Y24: 108.1 | Z24: 106.5 | AA24: 110.8 | AB24: 106 | AC24: 108.3 | AD24: 112.7
A25: Rural+Urban | B25: 2013 | C25: August | D25: 115.6 | E25: 117.2 | F25: 111.7 | G25: 109.6 | H25: 104.5 | I25: 109.8 | J25: 151.8 | K25: 106.5 | L25: 103.1 | M25: 107.4 | N25: 110.2 | O25: 113.4 | P25: 116.6 | Q25: 111.2 | R25: 111 | S25: 109.4 | T25: 110.7 | U25: 108.9 | V25: 109.7 | W25: 108.7 | X25: 107.5 | Y25: 108 | Z25: 106.6 | AA25: 109.9 | AB25: 105.4 | AC25: 107.9 | AD25: 112.4
A26: Rural | B26: 2013 | C26: September | D26: 115.4 | E26: 115.7 | F26: 111.7 | G26: 111 | H26: 107.4 | I26: 110.9 | J26: 154 | K26: 108.1 | L26: 104.2 | M26: 107.9 | N26: 110.4 | O26: 114 | P26: 117.8 | Q26: 111.7 | R26: 112.7 | S26: 111.4 | T26: 112.5 | U26: NA | V26: 111.1 | W26: 109.6 | X26: 108.3 | Y26: 109.3 | Z26: 107.7 | AA26: 109.8 | AB26: 106.7 | AC26: 108.7 | AD26: 114.2
A27: Urban | B27: 2013 | C27: September | D27: 118.6 | E27: 119.1 | F27: 113.2 | G27: 109.6 | H27: 101.7 | I27: 103.2 | J27: 174.3 | K27: 105.1 | L27: 100.8 | M27: 109.1 | N27: 111.1 | O27: 115.4 | P27: 119.2 | Q27: 112.9 | R27: 111.4 | S27: 109 | T27: 111.1 | U27: 109.7 | V27: 109.5 | W27: 109.6 | X27: 107.9 | Y27: 110.4 | Z27: 107.4 | AA27: 111.2 | AB27: 106.9 | AC27: 109.4 | AD27: 113.2
A28: Rural+Urban | B28: 2013 | C28: September | D28: 116.4 | E28: 116.9 | F28: 112.3 | G28: 110.5 | H28: 105.3 | I28: 107.3 | J28: 160.9 | K28: 107.1 | L28: 103.1 | M28: 108.3 | N28: 110.7 | O28: 114.6 | P28: 118.3 | Q28: 112 | R28: 112.2 | S28: 110.4 | T28: 111.9 | U28: 109.7 | V28: 110.5 | W28: 109.6 | X28: 108.1 | Y28: 109.9 | Z28: 107.5 | AA28: 110.6 | AB28: 106.8 | AC28: 109 | AD28: 113.7
A29: Rural | B29: 2013 | C29: October | D29: 116.3 | E29: 115.4 | F29: 112.6 | G29: 111.7 | H29: 107.7 | I29: 113.2 | J29: 164.9 | K29: 108.3 | L29: 103.9 | M29: 108.2 | N29: 111.1 | O29: 114.9 | P29: 119.8 | Q29: 112.2 | R29: 113.6 | S29: 112.3 | T29: 113.4 | U29: NA | V29: 111.6 | W29: 110.4 | X29: 108.9 | Y29: 109.3 | Z29: 108.3 | AA29: 110.2 | AB29: 107.5 | AC29: 109.1 | AD29: 115.5
A30: Urban | B30: 2013 | C30: October | D30: 118.9 | E30: 118.1 | F30: 114.5 | G30: 110.4 | H30: 102.3 | I30: 106.2 | J30: 183.5 | K30: 105.3 | L30: 100.2 | M30: 109.6 | N30: 111.4 | O30: 116 | P30: 120.8 | Q30: 113.5 | R30: 112.5 | S30: 109.7 | T30: 112 | U30: 110.5 | V30: 109.7 | W30: 110.2 | X30: 108.2 | Y30: 109.7 | Z30: 108 | AA30: 111.3 | AB30: 107.3 | AC30: 109.4 | AD30: 114
A31: Rural+Urban | B31: 2013 | C31: October | D31: 117.1 | E31: 116.3 | F31: 113.3 | G31: 111.2 | H31: 105.7 | I31: 109.9 | J31: 171.2 | K31: 107.3 | L31: 102.7 | M31: 108.7 | N31: 111.2 | O31: 115.4 | P31: 120.2 | Q31: 112.5 | R31: 113.2 | S31: 111.2 | T31: 112.8 | U31: 110.5 | V31: 110.9 | W31: 110.3 | X31: 108.6 | Y31: 109.5 | Z31: 108.1 | AA31: 110.8 | AB31: 107.4 | AC31: 109.2 | AD31: 114.8
A32: Rural | B32: 2013 | C32: November | D32: 117.3 | E32: 114.9 | F32: 116.2 | G32: 112.8 | H32: 108.9 | I32: 116.6 | J32: 178.1 | K32: 109.1 | L32: 103.6 | M32: 109 | N32: 111.8 | O32: 116 | P32: 122.5 | Q32: 112.8 | R32: 114.6 | S32: 113.1 | T32: 114.4 | U32: NA | V32: 112.6 | W32: 111.3 | X32: 109.7 | Y32: 109.6 | Z32: 108.7 | AA32: 111 | AB32: 108.2 | AC32: 109.8 | AD32: 117.4
A33: Urban | B33: 2013 | C33: November | D33: 119.8 | E33: 116.3 | F33: 122.6 | G33: 112 | H33: 103.2 | I33: 110 | J33: 192.8 | K33: 106.3 | L33: 99.5 | M33: 110.3 | N33: 111.8 | O33: 117.1 | P33: 122.9 | Q33: 114.1 | R33: 113.5 | S33: 110.3 | T33: 113 | U33: 111.1 | V33: 110 | W33: 110.9 | X33: 108.6 | Y33: 109.5 | Z33: 108.5 | AA33: 111.3 | AB33: 107.9 | AC33: 109.6 | AD33: 115
A34: Rural+Urban | B34: 2013 | C34: November | D34: 118.1 | E34: 115.4 | F34: 118.7 | G34: 112.5 | H34: 106.8 | I34: 113.5 | J34: 183.1 | K34: 108.2 | L34: 102.2 | M34: 109.4 | N34: 111.8 | O34: 116.5 | P34: 122.6 | Q34: 113.1 | R34: 114.2 | S34: 111.9 | T34: 113.8 | U34: 111.1 | V34: 111.6 | W34: 111.1 | X34: 109.3 | Y34: 109.5 | Z34: 108.6 | AA34: 111.2 | AB34: 108.1 | AC34: 109.7 | AD34: 116.3
A35: Rural | B35: 2013 | C35: December | D35: 118.4 | E35: 115.9 | F35: 120.4 | G35: 113.8 | H35: 109.5 | I35: 115.5 | J35: 145.7 | K35: 109.5 | L35: 102.9 | M35: 109.8 | N35: 112.1 | O35: 116.8 | P35: 118.7 | Q35: 113.6 | R35: 115.8 | S35: 114 | T35: 115.5 | U35: NA | V35: 112.8 | W35: 112.1 | X35: 110.1 | Y35: 109.9 | Z35: 109.2 | AA35: 111.6 | AB35: 108.1 | AC35: 110.1 | AD35: 115.5
A36: Urban | B36: 2013 | C36: December | D36: 120.5 | E36: 118.1 | F36: 128.5 | G36: 112.8 | H36: 103.4 | I36: 110.7 | J36: 144.8 | K36: 107.1 | L36: 98.6 | M36: 111.9 | N36: 112.1 | O36: 118.1 | P36: 117.8 | Q36: 115 | R36: 114.2 | S36: 110.9 | T36: 113.7 | U36: 110.7 | V36: 110.4 | W36: 111.3 | X36: 109 | Y36: 109.7 | Z36: 108.9 | AA36: 111.4 | AB36: 107.7 | AC36: 109.8 | AD36: 113.3
A37: Rural+Urban | B37: 2013 | C37: December | D37: 119.1 | E37: 116.7 | F37: 123.5 | G37: 113.4 | H37: 107.3 | I37: 113.3 | J37: 145.4 | K37: 108.7 | L37: 101.5 | M37: 110.5 | N37: 112.1 | O37: 117.4 | P37: 118.4 | Q37: 114 | R37: 115.2 | S37: 112.7 | T37: 114.8 | U37: 110.7 | V37: 111.9 | W37: 111.7 | X37: 109.7 | Y37: 109.8 | Z37: 109 | AA37: 111.5 | AB37: 107.9 | AC37: 110 | AD37: 114.5
A38: Rural | B38: 2014 | C38: January | D38: 118.9 | E38: 117.1 | F38: 120.5 | G38: 114.4 | H38: 109 | I38: 115.5 | J38: 123.9 | K38: 109.6 | L38: 101.8 | M38: 110.2 | N38: 112.4 | O38: 117.3 | P38: 116 | Q38: 114 | R38: 116.5 | S38: 114.5 | T38: 116.2 | U38: NA | V38: 113 | W38: 112.6 | X38: 110.6 | Y38: 110.5 | Z38: 109.6 | AA38: 111.8 | AB38: 108.3 | AC38: 110.6 | AD38: 114.2
A39: Urban | B39: 2014 | C39: January | D39: 121.2 | E39: 122 | F39: 129.9 | G39: 113.6 | H39: 102.9 | I39: 112.1 | J39: 118.9 | K39: 107.5 | L39: 96.9 | M39: 112.7 | N39: 112.1 | O39: 119 | P39: 115.5 | Q39: 115.7 | R39: 114.8 | S39: 111.3 | T39: 114.3 | U39: 111.6 | V39: 111 | W39: 111.9 | X39: 109.7 | Y39: 110.8 | Z39: 109.8 | AA39: 111.5 | AB39: 108 | AC39: 110.5 | AD39: 112.9
A40: Rural+Urban | B40: 2014 | C40: January | D40: 119.6 | E40: 118.8 | F40: 124.1 | G40: 114.1 | H40: 106.8 | I40: 113.9 | J40: 122.2 | K40: 108.9 | L40: 100.2 | M40: 111 | N40: 112.3 | O40: 118.1 | P40: 115.8 | Q40: 114.5 | R40: 115.8 | S40: 113.2 | T40: 115.4 | U40: 111.6 | V40: 112.2 | W40: 112.3 | X40: 110.3 | Y40: 110.7 | Z40: 109.7 | AA40: 111.6 | AB40: 108.2 | AC40: 110.6 | AD40: 113.6
A41: Rural | B41: 2014 | C41: February | D41: 119.4 | E41: 117.7 | F41: 121.2 | G41: 115 | H41: 109 | I41: 116.6 | J41: 116 | K41: 109.8 | L41: 101.1 | M41: 110.4 | N41: 112.9 | O41: 117.8 | P41: 115.3 | Q41: 114.2 | R41: 117.1 | S41: 114.5 | T41: 116.7 | U41: NA | V41: 113.2 | W41: 112.9 | X41: 110.9 | Y41: 110.8 | Z41: 109.9 | AA41: 112 | AB41: 108.7 | AC41: 110.9 | AD41: 114
A42: Urban | B42: 2014 | C42: February | D42: 121.9 | E42: 122 | F42: 124.5 | G42: 115.2 | H42: 102.5 | I42: 114.1 | J42: 111.5 | K42: 108.2 | L42: 95.4 | M42: 113.5 | N42: 112.1 | O42: 119.9 | P42: 115.2 | Q42: 116.2 | R42: 115.3 | S42: 111.7 | T42: 114.7 | U42: 112.5 | V42: 111.1 | W42: 112.6 | X42: 110.4 | Y42: 111.3 | Z42: 110.3 | AA42: 111.6 | AB42: 108.7 | AC42: 111 | AD42: 113.1
A43: Rural+Urban | B43: 2014 | C43: February | D43: 120.2 | E43: 119.2 | F43: 122.5 | G43: 115.1 | H43: 106.6 | I43: 115.4 | J43: 114.5 | K43: 109.3 | L43: 99.2 | M43: 111.4 | N43: 112.6 | O43: 118.8 | P43: 115.3 | Q43: 114.7 | R43: 116.4 | S43: 113.3 | T43: 115.9 | U43: 112.5 | V43: 112.4 | W43: 112.8 | X43: 110.7 | Y43: 111.1 | Z43: 110.1 | AA43: 111.8 | AB43: 108.7 | AC43: 110.9 | AD43: 113.6
A44: Rural | B44: 2014 | C44: March | D44: 120.1 | E44: 118.1 | F44: 120.7 | G44: 116.1 | H44: 109.3 | I44: 119.6 | J44: 117.9 | K44: 110.2 | L44: 101.2 | M44: 110.7 | N44: 113 | O44: 118.3 | P44: 116.2 | Q44: 114.6 | R44: 117.5 | S44: 114.9 | T44: 117.2 | U44: NA | V44: 113.4 | W44: 113.4 | X44: 111.4 | Y44: 111.2 | Z44: 110.2 | AA44: 112.4 | AB44: 108.9 | AC44: 111.3 | AD44: 114.6
A45: Urban | B45: 2014 | C45: March | D45: 122.1 | E45: 121.4 | F45: 121.5 | G45: 116.2 | H45: 102.8 | I45: 117.7 | J45: 113.3 | K45: 108.9 | L45: 96.3 | M45: 114.1 | N45: 112.2 | O45: 120.5 | P45: 116 | Q45: 116.7 | R45: 115.8 | S45: 112.1 | T45: 115.2 | U45: 113.2 | V45: 110.9 | W45: 113 | X45: 110.8 | Y45: 111.6 | Z45: 110.9 | AA45: 111.8 | AB45: 109.2 | AC45: 111.4 | AD45: 113.7
A46: Rural+Urban | B46: 2014 | C46: Marcrh | D46: 120.7 | E46: 119.3 | F46: 121 | G46: 116.1 | H46: 106.9 | I46: 118.7 | J46: 116.3 | K46: 109.8 | L46: 99.6 | M46: 111.8 | N46: 112.7 | O46: 119.3 | P46: 116.1 | Q46: 115.2 | R46: 116.8 | S46: 113.7 | T46: 116.4 | U46: 113.2 | V46: 112.5 | W46: 113.2 | X46: 111.2 | Y46: 111.4 | Z46: 110.6 | AA46: 112 | AB46: 109 | AC46: 111.3 | AD46: 114.2
A47: Rural | B47: 2014 | C47: April | D47: 120.2 | E47: 118.9 | F47: 118.1 | G47: 117 | H47: 109.7 | I47: 125.5 | J47: 120.5 | K47: 111 | L47: 102.6 | M47: 111.2 | N47: 113.5 | O47: 118.7 | P47: 117.2 | Q47: 115.4 | R47: 118.1 | S47: 116.1 | T47: 117.8 | U47: NA | V47: 113.4 | W47: 113.7 | X47: 111.8 | Y47: 111.2 | Z47: 110.5 | AA47: 113 | AB47: 108.9 | AC47: 111.5 | AD47: 115.4
A48: Urban | B48: 2014 | C48: April | D48: 122.5 | E48: 121.7 | F48: 113.3 | G48: 117 | H48: 103.1 | I48: 126.7 | J48: 121.2 | K48: 111 | L48: 100.3 | M48: 115.3 | N48: 112.7 | O48: 121 | P48: 118.2 | Q48: 117.6 | R48: 116.3 | S48: 112.5 | T48: 115.7 | U48: 113.9 | V48: 110.9 | W48: 113.4 | X48: 111 | Y48: 111.2 | Z48: 111.2 | AA48: 112.5 | AB48: 109.1 | AC48: 111.4 | AD48: 114.7
A49: Rural+Urban | B49: 2014 | C49: April | D49: 120.9 | E49: 119.9 | F49: 116.2 | G49: 117 | H49: 107.3 | I49: 126.1 | J49: 120.7 | K49: 111 | L49: 101.8 | M49: 112.6 | N49: 113.2 | O49: 119.8 | P49: 117.6 | Q49: 116 | R49: 117.4 | S49: 114.6 | T49: 117 | U49: 113.9 | V49: 112.5 | W49: 113.6 | X49: 111.5 | Y49: 111.2 | Z49: 110.9 | AA49: 112.7 | AB49: 109 | AC49: 111.5 | AD49: 115.1
A50: Rural | B50: 2014 | C50: May | D50: 120.3 | E50: 120.2 | F50: 116.9 | G50: 118 | H50: 110.1 | I50: 126.3 | J50: 123.9 | K50: 111.5 | L50: 103.5 | M50: 111.6 | N50: 114.2 | O50: 119.2 | P50: 118.2 | Q50: 116.3 | R50: 118.7 | S50: 116.8 | T50: 118.5 | U50: NA | V50: 113.4 | W50: 114.1 | X50: 112.1 | Y50: 111.4 | Z50: 110.9 | AA50: 113.1 | AB50: 108.9 | AC50: 111.8 | AD50: 116
A51: Urban | B51: 2014 | C51: May | D51: 122.7 | E51: 124.1 | F51: 114.2 | G51: 119.1 | H51: 103.5 | I51: 129.2 | J51: 127 | K51: 112.6 | L51: 101.3 | M51: 117 | N51: 112.9 | O51: 121.7 | P51: 120 | Q51: 118.3 | R51: 116.8 | S51: 112.9 | T51: 116.2 | U51: 114.3 | V51: 111.1 | W51: 114.1 | X51: 111.2 | Y51: 111.3 | Z51: 111.5 | AA51: 112.9 | AB51: 109.3 | AC51: 111.7 | AD51: 115.6
A52: Rural+Urban | B52: 2014 | C52: May | D52: 121.1 | E52: 121.6 | F52: 115.9 | G52: 118.4 | H52: 107.7 | I52: 127.7 | J52: 125 | K52: 111.9 | L52: 102.8 | M52: 113.4 | N52: 113.7 | O52: 120.4 | P52: 118.9 | Q52: 116.8 | R52: 118 | S52: 115.2 | T52: 117.6 | U52: 114.3 | V52: 112.5 | W52: 114.1 | X52: 111.8 | Y52: 111.3 | Z52: 111.2 | AA52: 113 | AB52: 109.1 | AC52: 111.8 | AD52: 115.8
A53: Rural | B53: 2014 | C53: June | D53: 120.7 | E53: 121.6 | F53: 116.1 | G53: 119.3 | H53: 110.3 | I53: 125.8 | J53: 129.3 | K53: 112.2 | L53: 103.6 | M53: 112.3 | N53: 114.9 | O53: 120.1 | P53: 119.5 | Q53: 117.3 | R53: 119.7 | S53: 117.3 | T53: 119.3 | U53: NA | V53: 114.4 | W53: 114.9 | X53: 112.8 | Y53: 112.2 | Z53: 111.4 | AA53: 114.3 | AB53: 108 | AC53: 112.3 | AD53: 117
A54: Urban | B54: 2014 | C54: June | D54: 123.1 | E54: 125.9 | F54: 115.4 | G54: 120.4 | H54: 103.4 | I54: 131.2 | J54: 137.5 | K54: 112.8 | L54: 101.4 | M54: 118.3 | N54: 113.2 | O54: 122.4 | P54: 122 | Q54: 119 | R54: 117.4 | S54: 113.2 | T54: 116.7 | U54: 113.9 | V54: 111.2 | W54: 114.3 | X54: 111.4 | Y54: 111.5 | Z54: 111.8 | AA54: 115.1 | AB54: 108.7 | AC54: 112.2 | AD54: 116.4
A55: Rural+Urban | B55: 2014 | C55: June | D55: 121.5 | E55: 123.1 | F55: 115.8 | G55: 119.7 | H55: 107.8 | I55: 128.3 | J55: 132.1 | K55: 112.4 | L55: 102.9 | M55: 114.3 | N55: 114.2 | O55: 121.2 | P55: 120.4 | Q55: 117.8 | R55: 118.8 | S55: 115.6 | T55: 118.3 | U55: 113.9 | V55: 113.2 | W55: 114.6 | X55: 112.3 | Y55: 111.8 | Z55: 111.6 | AA55: 114.8 | AB55: 108.3 | AC55: 112.3 | AD55: 116.7
A56: Rural | B56: 2014 | C56: July | D56: 121.7 | E56: 122.5 | F56: 117.7 | G56: 120.6 | H56: 110.4 | I56: 129.1 | J56: 150.1 | K56: 113.2 | L56: 104.8 | M56: 113.3 | N56: 115.6 | O56: 120.9 | P56: 123.3 | Q56: 118 | R56: 120.7 | S56: 118.3 | T56: 120.3 | U56: NA | V56: 115.3 | W56: 115.4 | X56: 113.4 | Y56: 113.2 | Z56: 111.8 | AA56: 115.5 | AB56: 108.8 | AC56: 113.1 | AD56: 119.5
A57: Urban | B57: 2014 | C57: July | D57: 123.8 | E57: 126.4 | F57: 118 | G57: 121.6 | H57: 103.5 | I57: 133.7 | J57: 172.4 | K57: 113.1 | L57: 102.7 | M57: 120 | N57: 113.8 | O57: 123.4 | P57: 127.1 | Q57: 121 | R57: 118 | S57: 113.6 | T57: 117.4 | U57: 114.8 | V57: 111.6 | W57: 114.9 | X57: 111.5 | Y57: 113 | Z57: 112.4 | AA57: 117.8 | AB57: 109.7 | AC57: 113.5 | AD57: 118.9
A58: Rural+Urban | B58: 2014 | C58: July | D58: 122.4 | E58: 123.9 | F58: 117.8 | G58: 121 | H58: 107.9 | I58: 131.2 | J58: 157.7 | K58: 113.2 | L58: 104.1 | M58: 115.5 | N58: 114.8 | O58: 122.1 | P58: 124.7 | Q58: 118.8 | R58: 119.6 | S58: 116.3 | T58: 119.1 | U58: 114.8 | V58: 113.9 | W58: 115.2 | X58: 112.7 | Y58: 113.1 | Z58: 112.1 | AA58: 116.8 | AB58: 109.2 | AC58: 113.3 | AD58: 119.2
A59: Rural | B59: 2014 | C59: August | D59: 121.8 | E59: 122.8 | F59: 117.8 | G59: 121.9 | H59: 110.6 | I59: 129.7 | J59: 161.1 | K59: 114.1 | L59: 105.1 | M59: 114.6 | N59: 115.8 | O59: 121.7 | P59: 125.3 | Q59: 118.8 | R59: 120.9 | S59: 118.8 | T59: 120.7 | U59: NA | V59: 115.4 | W59: 115.9 | X59: 114 | Y59: 113.2 | Z59: 112.2 | AA59: 116.2 | AB59: 109.4 | AC59: 113.5 | AD59: 120.7
A60: Urban | B60: 2014 | C60: August | D60: 124.8 | E60: 127.3 | F60: 116.5 | G60: 122.2 | H60: 103.6 | I60: 132.7 | J60: 181.9 | K60: 115.2 | L60: 102.7 | M60: 122.1 | N60: 114.4 | O60: 124.7 | P60: 128.9 | Q60: 123 | R60: 118.6 | S60: 114.1 | T60: 117.9 | U60: 115.5 | V60: 111.8 | W60: 115.3 | X60: 112.2 | Y60: 112.5 | Z60: 112.9 | AA60: 119.2 | AB60: 110.5 | AC60: 113.9 | AD60: 119.9
A61: Rural+Urban | B61: 2014 | C61: August | D61: 122.7 | E61: 124.4 | F61: 117.3 | G61: 122 | H61: 108 | I61: 131.1 | J61: 168.2 | K61: 114.5 | L61: 104.3 | M61: 117.1 | N61: 115.2 | O61: 123.1 | P61: 126.6 | Q61: 119.9 | R61: 120 | S61: 116.8 | T61: 119.6 | U61: 115.5 | V61: 114 | W61: 115.6 | X61: 113.3 | Y61: 112.8 | Z61: 112.6 | AA61: 118 | AB61: 109.9 | AC61: 113.7 | AD61: 120.3
A62: Rural | B62: 2014 | C62: September | D62: 122.3 | E62: 122.4 | F62: 117.8 | G62: 122.7 | H62: 110.4 | I62: 129.8 | J62: 158.8 | K62: 115 | L62: 104.7 | M62: 114.9 | N62: 116.5 | O62: 122.6 | P62: 125.3 | Q62: 119.5 | R62: 121.7 | S62: 119.2 | T62: 121.3 | U62: NA | V62: 115.8 | W62: 116.7 | X62: 114.5 | Y62: 112.8 | Z62: 112.6 | AA62: 116.6 | AB62: 109.1 | AC62: 113.7 | AD62: 120.9
A63: Urban | B63: 2014 | C63: September | D63: 124.2 | E63: 125.4 | F63: 116.4 | G63: 122.7 | H63: 103.5 | I63: 124.5 | J63: 168.6 | K63: 116.9 | L63: 101.9 | M63: 122.9 | N63: 114.8 | O63: 125.2 | P63: 126.7 | Q63: 124.3 | R63: 119.2 | S63: 114.5 | T63: 118.4 | U63: 116.1 | V63: 111.8 | W63: 115.5 | X63: 112.3 | Y63: 111.2 | Z63: 113.4 | AA63: 120 | AB63: 110 | AC63: 113.6 | AD63: 119.2
A64: Rural+Urban | B64: 2014 | C64: September | D64: 122.9 | E64: 123.5 | F64: 117.3 | G64: 122.7 | H64: 107.9 | I64: 127.3 | J64: 162.1 | K64: 115.6 | L64: 103.8 | M64: 117.6 | N64: 115.8 | O64: 123.8 | P64: 125.8 | Q64: 120.8 | R64: 120.7 | S64: 117.2 | T64: 120.1 | U64: 116.1 | V64: 114.3 | W64: 116.1 | X64: 113.7 | Y64: 112 | Z64: 113.1 | AA64: 118.6 | AB64: 109.5 | AC64: 113.7 | AD64: 120.1
A65: Rural | B65: 2014 | C65: October | D65: 122.6 | E65: 122.5 | F65: 118.3 | G65: 123.2 | H65: 110.5 | I65: 128.9 | J65: 155.3 | K65: 115.5 | L65: 104 | M65: 115.3 | N65: 116.8 | O65: 123.2 | P65: 125.1 | Q65: 120 | R65: 122.7 | S65: 120.3 | T65: 122.3 | U65: NA | V65: 116.4 | W65: 117.5 | X65: 115.3 | Y65: 112.6 | Z65: 113 | AA65: 116.9 | AB65: 109.3 | AC65: 114 | AD65: 121
A66: Urban | B66: 2014 | C66: October | D66: 124.6 | E66: 126.1 | F66: 117.8 | G66: 123.1 | H66: 103.5 | I66: 123.5 | J66: 159.6 | K66: 117.4 | L66: 101.2 | M66: 123.8 | N66: 115.2 | O66: 125.9 | P66: 125.8 | Q66: 124.3 | R66: 119.6 | S66: 114.9 | T66: 118.9 | U66: 116.7 | V66: 112 | W66: 115.8 | X66: 112.6 | Y66: 111 | Z66: 113.6 | AA66: 120.2 | AB66: 110.1 | AC66: 113.7 | AD66: 119.1
A67: Rural+Urban | B67: 2014 | C67: October | D67: 123.2 | E67: 123.8 | F67: 118.1 | G67: 123.2 | H67: 107.9 | I67: 126.4 | J67: 156.8 | K67: 116.1 | L67: 103.1 | M67: 118.1 | N67: 116.1 | O67: 124.5 | P67: 125.4 | Q67: 121.1 | R67: 121.5 | S67: 118.1 | T67: 121 | U67: 116.7 | V67: 114.7 | W67: 116.7 | X67: 114.3 | Y67: 111.8 | Z67: 113.3 | AA67: 118.8 | AB67: 109.6 | AC67: 113.9 | AD67: 120.1
A68: Rural | B68: 2014 | C68: November | D68: 122.7 | E68: 122.6 | F68: 119.9 | G68: 124 | H68: 110.5 | I68: 128.8 | J68: 152 | K68: 116.2 | L68: 103.3 | M68: 115.8 | N68: 116.8 | O68: 124.5 | P68: 124.9 | Q68: 120.8 | R68: 123.3 | S68: 120.5 | T68: 122.9 | U68: NA | V68: 117.3 | W68: 118.1 | X68: 115.9 | Y68: 112 | Z68: 113.3 | AA68: 117.2 | AB68: 108.8 | AC68: 114.1 | AD68: 121.1
A69: Urban | B69: 2014 | C69: November | D69: 124.5 | E69: 125.6 | F69: 122.7 | G69: 124.6 | H69: 103.2 | I69: 122.2 | J69: 153.2 | K69: 119.3 | L69: 99.8 | M69: 124.6 | N69: 115.8 | O69: 126.9 | P69: 125.4 | Q69: 125.8 | R69: 120.3 | S69: 115.4 | T69: 119.5 | U69: 117.1 | V69: 112.6 | W69: 116.4 | X69: 113 | Y69: 109.7 | Z69: 114 | AA69: 120.3 | AB69: 109.6 | AC69: 113.4 | AD69: 119
A70: Rural+Urban | B70: 2014 | C70: November | D70: 123.3 | E70: 123.7 | F70: 121 | G70: 124.2 | H70: 107.8 | I70: 125.7 | J70: 152.4 | K70: 117.2 | L70: 102.1 | M70: 118.7 | N70: 116.4 | O70: 125.6 | P70: 125.1 | Q70: 122.1 | R70: 122.1 | S70: 118.4 | T70: 121.6 | U70: 117.1 | V70: 115.5 | W70: 117.3 | X70: 114.8 | Y70: 110.8 | Z70: 113.7 | AA70: 119 | AB70: 109.1 | AC70: 113.8 | AD70: 120.1
A71: Rural | B71: 2014 | C71: December | D71: 122.4 | E71: 122.4 | F71: 121.8 | G71: 124.2 | H71: 110.2 | I71: 128.6 | J71: 140.3 | K71: 116.3 | L71: 102 | M71: 116 | N71: 117.3 | O71: 124.8 | P71: 123.3 | Q71: 121.7 | R71: 123.8 | S71: 120.6 | T71: 123.3 | U71: NA | V71: 117.4 | W71: 118.2 | X71: 116.2 | Y71: 111.5 | Z71: 113.3 | AA71: 117.7 | AB71: 109.4 | AC71: 114.2 | AD71: 120.3
A72: Urban | B72: 2014 | C72: December | D72: 124 | E72: 124.7 | F72: 126.3 | G72: 124.9 | H72: 103 | I72: 122.3 | J72: 141 | K72: 120.1 | L72: 97.8 | M72: 125.4 | N72: 116.1 | O72: 127.6 | P72: 124 | Q72: 126.4 | R72: 120.7 | S72: 115.8 | T72: 120 | U72: 116.5 | V72: 113 | W72: 116.8 | X72: 113.2 | Y72: 108.8 | Z72: 114.3 | AA72: 120.7 | AB72: 110.4 | AC72: 113.4 | AD72: 118.4
A73: Rural+Urban | B73: 2014 | C73: December | D73: 122.9 | E73: 123.2 | F73: 123.5 | G73: 124.5 | H73: 107.6 | I73: 125.7 | J73: 140.5 | K73: 117.6 | L73: 100.6 | M73: 119.1 | N73: 116.8 | O73: 126.1 | P73: 123.6 | Q73: 123 | R73: 122.6 | S73: 118.6 | T73: 122 | U73: 116.5 | V73: 115.7 | W73: 117.5 | X73: 115.1 | Y73: 110.1 | Z73: 113.9 | AA73: 119.5 | AB73: 109.8 | AC73: 113.8 | AD73: 119.4
A74: Rural | B74: 2015 | C74: January | D74: 123.1 | E74: 123.1 | F74: 122.1 | G74: 124.9 | H74: 111 | I74: 130.4 | J74: 132.3 | K74: 117.2 | L74: 100.5 | M74: 117.2 | N74: 117.9 | O74: 125.6 | P74: 122.8 | Q74: 122.7 | R74: 124.4 | S74: 121.6 | T74: 124 | U74: NA | V74: 118.4 | W74: 118.9 | X74: 116.6 | Y74: 111 | Z74: 114 | AA74: 118.2 | AB74: 110.2 | AC74: 114.5 | AD74: 120.3
A75: Urban | B75: 2015 | C75: January | D75: 124 | E75: 125.5 | F75: 126.6 | G75: 125.2 | H75: 104.3 | I75: 121.3 | J75: 134.4 | K75: 122.9 | L75: 96.1 | M75: 126.6 | N75: 116.5 | O75: 128 | P75: 123.5 | Q75: 127.4 | R75: 121 | S75: 116.1 | T75: 120.2 | U75: 117.3 | V75: 113.4 | W75: 117.2 | X75: 113.7 | Y75: 107.9 | Z75: 114.6 | AA75: 120.8 | AB75: 111.4 | AC75: 113.4 | AD75: 118.5
A76: Rural+Urban | B76: 2015 | C76: January | D76: 123.4 | E76: 123.9 | F76: 123.8 | G76: 125 | H76: 108.5 | I76: 126.2 | J76: 133 | K76: 119.1 | L76: 99 | M76: 120.3 | N76: 117.3 | O76: 126.7 | P76: 123.1 | Q76: 124 | R76: 123.1 | S76: 119.3 | T76: 122.5 | U76: 117.3 | V76: 116.5 | W76: 118.1 | X76: 115.5 | Y76: 109.4 | Z76: 114.3 | AA76: 119.7 | AB76: 110.7 | AC76: 114 | AD76: 119.5
A77: Rural | B77: 2015 | C77: February | D77: 123.4 | E77: 124.4 | F77: 122.1 | G77: 125.8 | H77: 111.5 | I77: 129.4 | J77: 128.2 | K77: 118.8 | L77: 100 | M77: 118.6 | N77: 118.8 | O77: 126.8 | P77: 122.8 | Q77: 124.2 | R77: 125.4 | S77: 122.7 | T77: 125 | U77: NA | V77: 120 | W77: 119.6 | X77: 117.7 | Y77: 110.9 | Z77: 114.8 | AA77: 118.7 | AB77: 110.8 | AC77: 115 | AD77: 120.6
A78: Urban | B78: 2015 | C78: February | D78: 124.3 | E78: 126.5 | F78: 119.5 | G78: 125.6 | H78: 104.9 | I78: 121.6 | J78: 131.8 | K78: 125.1 | L78: 95 | M78: 127.7 | N78: 116.8 | O78: 128.6 | P78: 123.7 | Q78: 128.1 | R78: 121.3 | S78: 116.5 | T78: 120.6 | U78: 118.1 | V78: 114 | W78: 117.7 | X78: 114.1 | Y78: 106.8 | Z78: 114.9 | AA78: 120.4 | AB78: 111.7 | AC78: 113.2 | AD78: 118.7
A79: Rural+Urban | B79: 2015 | C79: February | D79: 123.7 | E79: 125.1 | F79: 121.1 | G79: 125.7 | H79: 109.1 | I79: 125.8 | J79: 129.4 | K79: 120.9 | L79: 98.3 | M79: 121.6 | N79: 118 | O79: 127.6 | P79: 123.1 | Q79: 125.2 | R79: 123.8 | S79: 120.1 | T79: 123.3 | U79: 118.1 | V79: 117.7 | W79: 118.7 | X79: 116.3 | Y79: 108.7 | Z79: 114.9 | AA79: 119.7 | AB79: 111.2 | AC79: 114.1 | AD79: 119.7
A80: Rural | B80: 2015 | C80: March | D80: 123.3 | E80: 124.7 | F80: 118.9 | G80: 126 | H80: 111.8 | I80: 130.9 | J80: 128 | K80: 119.9 | L80: 98.9 | M80: 119.4 | N80: 118.9 | O80: 127.7 | P80: 123.1 | Q80: 124.7 | R80: 126 | S80: 122.9 | T80: 125.5 | U80: NA | V80: 120.6 | W80: 120.2 | X80: 118.2 | Y80: 111.6 | Z80: 115.5 | AA80: 119.4 | AB80: 110.8 | AC80: 115.5 | AD80: 121.1
A81: Urban | B81: 2015 | C81: March | D81: 124 | E81: 126.7 | F81: 113.5 | G81: 125.9 | H81: 104.8 | I81: 123.8 | J81: 131.4 | K81: 127.2 | L81: 93.2 | M81: 127.4 | N81: 117 | O81: 129.2 | P81: 123.9 | Q81: 128.8 | R81: 121.7 | S81: 116.9 | T81: 120.9 | U81: 118.6 | V81: 114.4 | W81: 118 | X81: 114.3 | Y81: 108.4 | Z81: 115.4 | AA81: 120.6 | AB81: 111.3 | AC81: 113.8 | AD81: 119.1
A82: Rural+Urban | B82: 2015 | C82: March | D82: 123.5 | E82: 125.4 | F82: 116.8 | G82: 126 | H82: 109.2 | I82: 127.6 | J82: 129.2 | K82: 122.4 | L82: 97 | M82: 122.1 | N82: 118.1 | O82: 128.4 | P82: 123.4 | Q82: 125.8 | R82: 124.3 | S82: 120.4 | T82: 123.7 | U82: 118.6 | V82: 118.3 | W82: 119.2 | X82: 116.7 | Y82: 109.9 | Z82: 115.4 | AA82: 120.1 | AB82: 111 | AC82: 114.7 | AD82: 120.2
A83: Rural | B83: 2015 | C83: April | D83: 123.3 | E83: 125.5 | F83: 117.2 | G83: 126.8 | H83: 111.9 | I83: 134.2 | J83: 127.5 | K83: 121.5 | L83: 97.8 | M83: 119.8 | N83: 119.4 | O83: 128.7 | P83: 123.6 | Q83: 125.7 | R83: 126.4 | S83: 123.3 | T83: 126 | U83: NA | V83: 121.2 | W83: 120.9 | X83: 118.6 | Y83: 111.9 | Z83: 116.2 | AA83: 119.9 | AB83: 111.6 | AC83: 116 | AD83: 121.5
A84: Urban | B84: 2015 | C84: April | D84: 123.8 | E84: 128.2 | F84: 110 | G84: 126.3 | H84: 104.5 | I84: 130.6 | J84: 130.8 | K84: 131.3 | L84: 91.6 | M84: 127.7 | N84: 117.2 | O84: 129.5 | P84: 124.6 | Q84: 130.1 | R84: 122.1 | S84: 117.2 | T84: 121.3 | U84: 119.2 | V84: 114.7 | W84: 118.4 | X84: 114.6 | Y84: 108.4 | Z84: 115.6 | AA84: 121.7 | AB84: 111.8 | AC84: 114.2 | AD84: 119.7
A85: Rural+Urban | B85: 2015 | C85: April | D85: 123.5 | E85: 126.4 | F85: 114.4 | G85: 126.6 | H85: 109.2 | I85: 132.5 | J85: 128.6 | K85: 124.8 | L85: 95.7 | M85: 122.4 | N85: 118.5 | O85: 129.1 | P85: 124 | Q85: 126.9 | R85: 124.7 | S85: 120.8 | T85: 124.1 | U85: 119.2 | V85: 118.7 | W85: 119.7 | X85: 117.1 | Y85: 110.1 | Z85: 115.9 | AA85: 121 | AB85: 111.7 | AC85: 115.1 | AD85: 120.7
A86: Rural | B86: 2015 | C86: May | D86: 123.5 | E86: 127.1 | F86: 117.3 | G86: 127.7 | H86: 112.5 | I86: 134.1 | J86: 128.5 | K86: 124.3 | L86: 97.6 | M86: 120.7 | N86: 120.2 | O86: 129.8 | P86: 124.4 | Q86: 126.7 | R86: 127.3 | S86: 124.1 | T86: 126.8 | U86: NA | V86: 121.9 | W86: 121.5 | X86: 119.4 | Y86: 113.3 | Z86: 116.7 | AA86: 120.5 | AB86: 112.3 | AC86: 116.9 | AD86: 122.4
A87: Urban | B87: 2015 | C87: May | D87: 123.8 | E87: 129.7 | F87: 111.3 | G87: 126.6 | H87: 105.2 | I87: 130.8 | J87: 135.6 | K87: 142.6 | L87: 90.8 | M87: 128.8 | N87: 117.7 | O87: 129.9 | P87: 126.1 | Q87: 131.3 | R87: 122.4 | S87: 117.4 | T87: 121.6 | U87: 119.6 | V87: 114.9 | W87: 118.7 | X87: 114.9 | Y87: 110.8 | Z87: 116 | AA87: 122 | AB87: 112.4 | AC87: 115.2 | AD87: 120.7
A88: Rural+Urban | B88: 2015 | C88: May | D88: 123.6 | E88: 128 | F88: 115 | G88: 127.3 | H88: 109.8 | I88: 132.6 | J88: 130.9 | K88: 130.5 | L88: 95.3 | M88: 123.4 | N88: 119.2 | O88: 129.8 | P88: 125 | Q88: 127.9 | R88: 125.4 | S88: 121.3 | T88: 124.7 | U88: 119.6 | V88: 119.2 | W88: 120.2 | X88: 117.7 | Y88: 112 | Z88: 116.3 | AA88: 121.4 | AB88: 112.3 | AC88: 116.1 | AD88: 121.6
A89: Rural | B89: 2015 | C89: June | D89: 124.1 | E89: 130.4 | F89: 122.1 | G89: 128.7 | H89: 114.1 | I89: 133.2 | J89: 135.2 | K89: 131.9 | L89: 96.3 | M89: 123 | N89: 121.1 | O89: 131.2 | P89: 126.6 | Q89: 128.2 | R89: 128.4 | S89: 125.1 | T89: 128 | U89: NA | V89: 122.6 | W89: 122.8 | X89: 120.4 | Y89: 114.2 | Z89: 117.9 | AA89: 122 | AB89: 113 | AC89: 117.9 | AD89: 124.1
A90: Urban | B90: 2015 | C90: June | D90: 123.6 | E90: 134.4 | F90: 120.9 | G90: 127.3 | H90: 106 | I90: 132.3 | J90: 146.7 | K90: 148.1 | L90: 89.8 | M90: 130.5 | N90: 118 | O90: 130.5 | P90: 128.5 | Q90: 132.1 | R90: 123.2 | S90: 117.6 | T90: 122.3 | U90: 119 | V90: 115.1 | W90: 119.2 | X90: 115.4 | Y90: 111.7 | Z90: 116.2 | AA90: 123.8 | AB90: 112.5 | AC90: 116 | AD90: 121.7
A91: Rural+Urban | B91: 2015 | C91: June | D91: 123.9 | E91: 131.8 | F91: 121.6 | G91: 128.2 | H91: 111.1 | I91: 132.8 | J91: 139.1 | K91: 137.4 | L91: 94.1 | M91: 125.5 | N91: 119.8 | O91: 130.9 | P91: 127.3 | Q91: 129.2 | R91: 126.4 | S91: 122 | T91: 125.7 | U91: 119 | V91: 119.8 | W91: 121.1 | X91: 118.5 | Y91: 112.9 | Z91: 116.9 | AA91: 123.1 | AB91: 112.8 | AC91: 117 | AD91: 123
A92: Rural | B92: 2015 | C92: July | D92: 124 | E92: 131.5 | F92: 122 | G92: 128.7 | H92: 113.5 | I92: 133.3 | J92: 140.8 | K92: 133.8 | L92: 94.1 | M92: 123.4 | N92: 121 | O92: 131.7 | P92: 127.5 | Q92: 129.4 | R92: 128.8 | S92: 125.5 | T92: 128.3 | U92: NA | V92: 123 | W92: 123 | X92: 120.8 | Y92: 114.1 | Z92: 118 | AA92: 122.9 | AB92: 112.7 | AC92: 118.1 | AD92: 124.7
A93: Urban | B93: 2015 | C93: July | D93: 123.2 | E93: 134.3 | F93: 119.5 | G93: 127.7 | H93: 106.3 | I93: 132.8 | J93: 153.5 | K93: 149.5 | L93: 85.7 | M93: 131.5 | N93: 118.3 | O93: 131.1 | P93: 129.5 | Q93: 133.1 | R93: 123.5 | S93: 117.9 | T93: 122.7 | U93: 119.9 | V93: 115.3 | W93: 119.5 | X93: 116 | Y93: 111.5 | Z93: 116.6 | AA93: 125.4 | AB93: 111.7 | AC93: 116.3 | AD93: 122.4
A94: Rural+Urban | B94: 2015 | C94: July | D94: 123.7 | E94: 132.5 | F94: 121 | G94: 128.3 | H94: 110.9 | I94: 133.1 | J94: 145.1 | K94: 139.1 | L94: 91.3 | M94: 126.1 | N94: 119.9 | O94: 131.4 | P94: 128.2 | Q94: 130.4 | R94: 126.7 | S94: 122.3 | T94: 126.1 | U94: 119.9 | V94: 120.1 | W94: 121.3 | X94: 119 | Y94: 112.7 | Z94: 117.2 | AA94: 124.4 | AB94: 112.3 | AC94: 117.2 | AD94: 123.6
A95: Rural | B95: 2015 | C95: August | D95: 124.7 | E95: 131.3 | F95: 121.3 | G95: 128.8 | H95: 114 | I95: 134.2 | J95: 153.6 | K95: 137.9 | L95: 93.1 | M95: 123.9 | N95: 121.5 | O95: 132.5 | P95: 129.8 | Q95: 130.1 | R95: 129.5 | S95: 126.3 | T95: 129 | U95: NA | V95: 123.8 | W95: 123.7 | X95: 121.1 | Y95: 113.6 | Z95: 118.5 | AA95: 123.6 | AB95: 112.5 | AC95: 118.2 | AD95: 126.1
A96: Urban | B96: 2015 | C96: August | D96: 123.1 | E96: 131.7 | F96: 118.1 | G96: 128 | H96: 106.8 | I96: 130.1 | J96: 165.5 | K96: 156 | L96: 85.3 | M96: 132.7 | N96: 118.8 | O96: 131.7 | P96: 131.1 | Q96: 134.2 | R96: 123.7 | S96: 118.2 | T96: 122.9 | U96: 120.9 | V96: 115.3 | W96: 120 | X96: 116.6 | Y96: 109.9 | Z96: 117.2 | AA96: 126.2 | AB96: 112 | AC96: 116.2 | AD96: 123.2
A97: Rural+Urban | B97: 2015 | C97: August | D97: 124.2 | E97: 131.4 | F97: 120.1 | G97: 128.5 | H97: 111.4 | I97: 132.3 | J97: 157.6 | K97: 144 | L97: 90.5 | M97: 126.8 | N97: 120.4 | O97: 132.1 | P97: 130.3 | Q97: 131.2 | R97: 127.2 | S97: 122.9 | T97: 126.6 | U97: 120.9 | V97: 120.6 | W97: 122 | X97: 119.4 | Y97: 111.7 | Z97: 117.8 | AA97: 125.1 | AB97: 112.3 | AC97: 117.2 | AD97: 124.8
A98: Rural | B98: 2015 | C98: September | D98: 125.1 | E98: 131.1 | F98: 120.7 | G98: 129.2 | H98: 114.7 | I98: 132.3 | J98: 158.9 | K98: 142.1 | L98: 92.5 | M98: 125.4 | N98: 121.9 | O98: 132.7 | P98: 131 | Q98: 131 | R98: 130.4 | S98: 126.8 | T98: 129.9 | U98: NA | V98: 123.7 | W98: 124.5 | X98: 121.4 | Y98: 113.8 | Z98: 119.6 | AA98: 124.5 | AB98: 113.7 | AC98: 118.8 | AD98: 127
A99: Urban | B99: 2015 | C99: September | D99: 123.4 | E99: 129 | F99: 115.6 | G99: 128.3 | H99: 107 | I99: 124 | J99: 168.5 | K99: 165.4 | L99: 86.3 | M99: 134.4 | N99: 119.1 | O99: 132.3 | P99: 131.5 | Q99: 134.7 | R99: 124 | S99: 118.6 | T99: 123.2 | U99: 121.6 | V99: 115.1 | W99: 120.4 | X99: 117.1 | Y99: 109.1 | Z99: 117.3 | AA99: 126.5 | AB99: 112.9 | AC99: 116.2 | AD99: 123.5
A100: Rural+Urban | B100: 2015 | C100: September | D100: 124.6 | E100: 130.4 | F100: 118.7 | G100: 128.9 | H100: 111.9 | I100: 128.4 | J100: 162.2 | K100: 150 | L100: 90.4 | M100: 128.4 | N100: 120.7 | O100: 132.5 | P100: 131.2 | Q100: 132 | R100: 127.9 | S100: 123.4 | T100: 127.2 | U100: 121.6 | V100: 120.4 | W100: 122.6 | X100: 119.8 | Y100: 111.3 | Z100: 118.3 | AA100: 125.7 | AB100: 113.4 | AC100: 117.5 | AD100: 125.4
...

Sheet Working Data
A1: Sector | B1: Year | C1: Month | D1: Cereals and products | E1: Meat and fish | F1: Egg | G1: Milk and products | H1: Oils and fats | I1: Fruits | J1: Vegetables | K1: Pulses and products | L1: Sugar and Confectionery | M1: Spices | N1: Non-alcoholic beverages | O1: Prepared meals, snacks, sweets etc. | P1: Food and beverages | Q1: Pan, tobacco and intoxicants | R1: Clothing | S1: Footwear | T1: Clothing and footwear | U1: Housing | V1: Fuel and light | W1: Household goods and services | X1: Health | Y1: Transport and communication | Z1: Recreation and amusement | AA1: Education | AB1: Personal care and effects | AC1: Miscellaneous | AD1: General index
A2: Rural | B2: 2013 | C2: January | D2: 107.5 | E2: 106.3 | F2: 108.1 | G2: 104.9 | H2: 106.1 | I2: 103.9 | J2: 101.9 | K2: 106.1 | L2: 106.8 | M2: 103.1 | N2: 104.8 | O2: 106.7 | P2: 105.5 | Q2: 105.1 | R2: 106.5 | S2: 105.8 | T2: 106.4 | U2: 100.3 | V2: 105.5 | W2: 104.8 | X2: 104 | Y2: 103.3 | Z2: 103.4 | AA2: 103.8 | AB2: 104.7 | AC2: 104 | AD2: 105.1
A3: Urban | B3: 2013 | C3: January | D3: 110.5 | E3: 109.1 | F3: 113 | G3: 103.6 | H3: 103.4 | I3: 102.3 | J3: 102.9 | K3: 105.8 | L3: 105.1 | M3: 101.8 | N3: 105.1 | O3: 107.9 | P3: 105.9 | Q3: 105.2 | R3: 105.9 | S3: 105 | T3: 105.8 | U3: 100.3 | V3: 105.4 | W3: 104.8 | X3: 104.1 | Y3: 103.2 | Z3: 102.9 | AA3: 103.5 | AB3: 104.3 | AC3: 103.7 | AD3: 104
A4: Rural+Urban | B4: 2013 | C4: January | D4: 108.4 | E4: 107.3 | F4: 110 | G4: 104.4 | H4: 105.1 | I4: 103.2 | J4: 102.2 | K4: 106 | L4: 106.2 | M4: 102.7 | N4: 104.9 | O4: 107.3 | P4: 105.6 | Q4: 105.1 | R4: 106.3 | S4: 105.5 | T4: 106.2 | U4: 100.3 | V4: 105.5 | W4: 104.8 | X4: 104 | Y4: 103.2 | Z4: 103.1 | AA4: 103.6 | AB4: 104.5 | AC4: 103.9 | AD4: 104.6
A5: Rural | B5: 2013 | C5: February | D5: 109.2 | E5: 108.7 | F5: 110.2 | G5: 105.4 | H5: 106.7 | I5: 104 | J5: 102.4 | K5: 105.9 | L5: 105.7 | M5: 103.1 | N5: 105.1 | O5: 107.7 | P5: 106.3 | Q5: 105.6 | R5: 107.1 | S5: 106.3 | T5: 107 | U5: 100.4 | V5: 106.2 | W5: 105.2 | X5: 104.4 | Y5: 103.9 | Z5: 104 | AA5: 104.1 | AB5: 104.6 | AC5: 104.4 | AD5: 105.8
A6: Urban | B6: 2013 | C6: February | D6: 112.9 | E6: 112.9 | F6: 116.9 | G6: 104 | H6: 103.5 | I6: 103.1 | J6: 104.9 | K6: 104.1 | L6: 103.8 | M6: 102.3 | N6: 106 | O6: 109 | P6: 107.2 | Q6: 106 | R6: 106.6 | S6: 105.5 | T6: 106.4 | U6: 100.4 | V6: 105.7 | W6: 105.2 | X6: 104.7 | Y6: 104.4 | Z6: 103.3 | AA6: 103.7 | AB6: 104.3 | AC6: 104.3 | AD6: 104.7
A7: Rural+Urban | B7: 2013 | C7: February | D7: 110.4 | E7: 110.2 | F7: 112.8 | G7: 104.9 | H7: 105.5 | I7: 103.6 | J7: 103.2 | K7: 105.3 | L7: 105.1 | M7: 102.8 | N7: 105.5 | O7: 108.3 | P7: 106.6 | Q7: 105.7 | R7: 106.9 | S7: 106 | T7: 106.8 | U7: 100.4 | V7: 106 | W7: 105.2 | X7: 104.5 | Y7: 104.2 | Z7: 103.6 | AA7: 103.9 | AB7: 104.5 | AC7: 104.4 | AD7: 105.3
A8: Rural | B8: 2013 | C8: March | D8: 110.2 | E8: 108.8 | F8: 109.9 | G8: 105.6 | H8: 106.2 | I8: 105.7 | J8: 101.4 | K8: 105.7 | L8: 105 | M8: 103.3 | N8: 105.6 | O8: 108.2 | P8: 106.6 | Q8: 106.5 | R8: 107.6 | S8: 106.8 | T8: 107.5 | U8: 100.4 | V8: 106.1 | W8: 105.6 | X8: 104.7 | Y8: 104.6 | Z8: 104 | AA8: 104.3 | AB8: 104.3 | AC8: 104.6 | AD8: 106
A9: Urban | B9: 2013 | C9: March | D9: 113.9 | E9: 111.4 | F9: 113.2 | G9: 104.3 | H9: 102.7 | I9: 104.9 | J9: 103.8 | K9: 103.5 | L9: 102.6 | M9: 102.4 | N9: 107 | O9: 109.8 | P9: 107.3 | Q9: 106.8 | R9: 107.2 | S9: 106 | T9: 107 | U9: 100.4 | V9: 106 | W9: 105.7 | X9: 105.2 | Y9: 105.5 | Z9: 103.5 | AA9: 103.8 | AB9: 104.2 | AC9: 104.9 | AD9: 105
A10: Rural+Urban | B10: 2013 | C10: March | D10: 111.4 | E10: 109.7 | F10: 111.2 | G10: 105.1 | H10: 104.9 | I10: 105.3 | J10: 102.2 | K10: 105 | L10: 104.2 | M10: 103 | N10: 106.2 | O10: 108.9 | P10: 106.9 | Q10: 106.6 | R10: 107.4 | S10: 106.5 | T10: 107.3 | U10: 100.4 | V10: 106.1 | W10: 105.6 | X10: 104.9 | Y10: 105.1 | Z10: 103.7 | AA10: 104 | AB10: 104.3 | AC10: 104.7 | AD10: 105.5
A11: Rural | B11: 2013 | C11: April | D11: 110.2 | E11: 109.5 | F11: 106.9 | G11: 106.3 | H11: 105.7 | I11: 108.3 | J11: 103.4 | K11: 105.7 | L11: 104.2 | M11: 103.2 | N11: 106.5 | O11: 108.8 | P11: 107.1 | Q11: 107.1 | R11: 108.1 | S11: 107.4 | T11: 108 | U11: 100.5 | V11: 106.5 | W11: 106.1 | X11: 105.1 | Y11: 104.4 | Z11: 104.5 | AA11: 104.8 | AB11: 102.7 | AC11: 104.6 | AD11: 106.4
A12: Urban | B12: 2013 | C12: April | D12: 114.6 | E12: 113.4 | F12: 106 | G12: 104.7 | H12: 102.1 | I12: 109.5 | J12: 109.7 | K12: 104.6 | L12: 102 | M12: 103.5 | N12: 108.2 | O12: 110.6 | P12: 108.8 | Q12: 108.5 | R12: 107.9 | S12: 106.4 | T12: 107.7 | U12: 100.5 | V12: 106.4 | W12: 106.5 | X12: 105.7 | Y12: 105 | Z12: 104 | AA12: 105.2 | AB12: 103.2 | AC12: 105.1 | AD12: 105.7
A13: Rural+Urban | B13: 2013 | C13: April | D13: 111.6 | E13: 110.9 | F13: 106.6 | G13: 105.7 | H13: 104.4 | I13: 108.9 | J13: 105.5 | K13: 105.3 | L13: 103.5 | M13: 103.3 | N13: 107.2 | O13: 109.6 | P13: 107.7 | Q13: 107.5 | R13: 108 | S13: 107 | T13: 107.9 | U13: 100.5 | V13: 106.5 | W13: 106.3 | X13: 105.3 | Y13: 104.7 | Z13: 104.2 | AA13: 105 | AB13: 102.9 | AC13: 104.8 | AD13: 106.1
... A373: Rural+Urban | B373: 2023 | C373: May | D373: 173.7 | E373: 214.3 | F373: 173.2 | G373: 179.5 | H373: 170 | I373: 172.2 | J373: 161 | K373: 175.6 | L373: 122.7 | M373: 218 | N373: 173.4 | O373: 194.2 | P373: 179.1 | Q373: 201 | R373: 187.3 | S373: 179.7 | T373: 186.2 | U373: 175.6 | V373: 182.8 | W373: 175.2 | X373: 185.7 | Y373: 164.8 | Z373: 171.2 | AA373: 177.1 | AB373: 185.2 | AC373: 175.7 | AD373: 179.1

Sheet Buckets
A1: Sector | B1: Year | C1: Month | D1: Food & Beverages | E1: Energy | F1: Transportation | G1: Education | H1: Health and Personal care | I1: Housing and Household | J1: Clothing and Footwear | K1: Recreation and miscellaneous | L1: General index
A2: Rural | B2: 2013 | C2: January | D2: =SUM(Table13[[#This Row],[Cereals and products]:[Food and beverages]]) -> 1371.7 | E2: 105.5 | F2: 103.3 | G2: 103.8 | H2: =SUM('Working Data'!X2,'Working Data'!AB2) -> 208.7 | I2: =SUM('Working Data'!U2,'Working Data'!W2) -> 205.1 | J2: =SUM('Working Data'!R2,'Working Data'!S2,'Working Data'!T2) -> 318.7 | K2: =SUM('Working Data'!AC2,'Working Data'!Z2,'Working Data'!Q2) -> 312.5 | L2: 105.1
A3: Urban | B3: 2013 | C3: January | D3: =SUM(Table13[[#This Row],[Cereals and products]:[Food and beverages]]) -> 1376.4 | E3: 105.4 | F3: 103.2 | G3: 103.5 | H3: =SUM('Working Data'!X3,'Working Data'!AB3) -> 208.4 | I3: =SUM('Working Data'!U3,'Working Data'!W3) -> 205.1 | J3: =SUM('Working Data'!R3,'Working Data'!S3,'Working Data'!T3) -> 316.7 | K3: =SUM('Working Data'!AC3,'Working Data'!Z3,'Working Data'!Q3) -> 311.8 | L3: 104
A4: Rural+Urban | B4: 2013 | C4: January | D4: =SUM(Table13[[#This Row],[Cereals and products]:[Food and beverages]]) -> 1373.3 | E4: 105.5 | F4: 103.2 | G4: 103.6 | H4: =SUM('Working Data'!X4,'Working Data'!AB4) -> 208.5 | I4: =SUM('Working Data'!U4,'Working Data'!W4) -> 205.1 | J4: =SUM('Working Data'!R4,'Working Data'!S4,'Working Data'!T4) -> 318 | K4: =SUM('Working Data'!AC4,'Working Data'!Z4,'Working Data'!Q4) -> 312.1 | L4: 104.6
A5: Rural | B5: 2013 | C5: February | D5: =SUM(Table13[[#This Row],[Cereals and products]:[Food and beverages]]) -> 1380.4 | E5: 106.2 | F5: 103.9 | G5: 104.1 | H5: =SUM('Working Data'!X5,'Working Data'!AB5) -> 209 | I5: =SUM('Working Data'!U5,'Working Data'!W5) -> 205.6 | J5: =SUM('Working Data'!R5,'Working Data'!S5,'Working Data'!T5) -> 320.4 | K5: =SUM('Working Data'!AC5,'Working Data'!Z5,'Working Data'!Q5) -> 314 | L5: 105.8
A6: Urban | B6: 2013 | C6: February | D6: =SUM(Table13[[#This Row],[Cereals and products]:[Food and beverages]]) -> 1390.6 | E6: 105.7 | F6: 104.4 | G6: 103.7 | H6: =SUM('Working Data'!X6,'Working Data'!AB6) -> 209 | I6: =SUM('Working Data'!U6,'Working Data'!W6) -> 205.6 | J6: =SUM('Working Data'!R6,'Working Data'!S6,'Working Data'!T6) -> 318.5 | K6: =SUM('Working Data'!AC6,'Working Data'!Z6,'Working Data'!Q6) -> 313.6 | L6: 104.7
A7: Rural+Urban | B7: 2013 | C7: February | D7: =SUM(Table13[[#This Row],[Cereals and products]:[Food and beverages]]) -> 1384.2 | E7: 106 | F7: 104.2 | G7: 103.9 | H7: =SUM('Working Data'!X7,'Working Data'!AB7) -> 209 | I7: =SUM('Working Data'!U7,'Working Data'!W7) -> 205.6 | J7: =SUM('Working Data'!R7,'Working Data'!S7,'Working Data'!T7) -> 319.7 | K7: =SUM('Working Data'!AC7,'Working Data'!Z7,'Working Data'!Q7) -> 313.7 | L7: 105.3
A8: Rural | B8: 2013 | C8: March | D8: =SUM(Table13[[#This Row],[Cereals and products]:[Food and beverages]]) -> 1382.2 | E8: 106.1 | F8: 104.6 | G8: 104.3 | H8: =SUM('Working Data'!X8,'Working Data'!AB8) -> 209 | I8: =SUM('Working Data'!U8,'Working Data'!W8) -> 206 | J8: =SUM('Working Data'!R8,'Working Data'!S8,'Working Data'!T8) -> 321.9 | K8: =SUM('Working Data'!AC8,'Working Data'!Z8,'Working Data'!Q8) -> 315.1 | L8: 106
A9: Urban | B9: 2013 | C9: March | D9: =SUM(Table13[[#This Row],[Cereals and products]:[Food and beverages]]) -> 1386.8 | E9: 106 | F9: 105.5 | G9: 103.8 | H9: =SUM('Working Data'!X9,'Working Data'!AB9) -> 209.4 | I9: =SUM('Working Data'!U9,'Working Data'!W9) -> 206.1 | J9: =SUM('Working Data'!R9,'Working Data'!S9,'Working Data'!T9) -> 320.2 | K9: =SUM('Working Data'!AC9,'Working Data'!Z9,'Working Data'!Q9) -> 315.2 | L9: 105
A10: Rural+Urban | B10: 2013 | C10: March | D10: =SUM(Table13[[#This Row],[Cereals and products]:[Food and beverages]]) -> 1384 | E10: 106.1 | F10: 105.1 | G10: 104 | H10: =SUM('Working Data'!X10,'Working Data'!AB10) -> 209.2 | I10: =SUM('Working Data'!U10,'Working Data'!W10) -> 206 | J10: =SUM('Working Data'!R10,'Working Data'!S10,'Working Data'!T10) -> 321.2 | K10: =SUM('Working Data'!AC10,'Working Data'!Z10,'Working Data'!Q10) -> 315 | L10: 105.5
A11: Rural | B11: 2013 | C11: April | D11: =SUM(Table13[[#This Row],[Cereals and products]:[Food and beverages]]) -> 1385.8 | E11: 106.5 | F11: 104.4 | G11: 104.8 | H11: =SUM('Working Data'!X11,'Working Data'!AB11) -> 207.8 | I11: =SUM('Working Data'!U11,'Working Data'!W11) -> 206.6 | J11: =SUM('Working Data'!R11,'Working Data'!S11,'Working Data'!T11) -> 323.5 | K11: =SUM('Working Data'!AC11,'Working Data'!Z11,'Working Data'!Q11) -> 316.2 | L11: 106.4
A12: Urban | B12: 2013 | C12: April | D12: =SUM(Table13[[#This Row],[Cereals and products]:[Food and beverages]]) -> 1397.7 | E12: 106.4 | F12: 105 | G12: 105.2 | H12: =SUM('Working Data'!X12,'Working Data'!AB12) -> 208.9 | I12: =SUM('Working Data'!U12,'Working Data'!W12) -> 207 | J12: =SUM('Working Data'!R12,'Working Data'!S12,'Working Data'!T12) -> 322 | K12: =SUM('Working Data'!AC12,'Working Data'!Z12,'Working Data'!Q12) -> 317.6 | L12: 105.7
A13: Rural+Urban | B13: 2013 | C13: April | D13: =SUM(Table13[[#This Row],[Cereals and products]:[Food and beverages]]) -> 1390.2 | E13: 106.5 | F13: 104.7 | G13: 105 | H13: =SUM('Working Data'!X13,'Working Data'!AB13) -> 208.2 | I13: =SUM('Working Data'!U13,'Working Data'!W13) -> 206.8 | J13: =SUM('Working Data'!R13,'Working Data'!S13,'Working Data'!T13) -> 322.9 | K13: =SUM('Working Data'!AC13,'Working Data'!Z13,'Working Data'!Q13) -> 316.5 | L13: 106.1
... A373: Rural+Urban | B373: 2023 | C373: May | D373: =SUM(Table13[[#This Row],[Cereals and products]:[Food and beverages]]) -> 2306.9 | E373: 182.8 | F373: 164.8 | G373: 177.1 | H373: =SUM('Working Data'!X373,'Working Data'!AB373) -> 370.9 | I373: =SUM('Working Data'!U373,'Working Data'!W373) -> 350.8 | J373: =SUM('Working Data'!R373,'Working Data'!S373,'Working Data'!T373) -> 553.2 | K373: =SUM('Working Data'!AC373,'Working Data'!Z373,'Working Data'!Q373) -> 547.9 | L373: 179.1

Sheet Problem statement 1
B2: Year | C2: Month | D2: Broader categories | E2: Sub-categories | F2: Rural | G2: Urban | H2: Rural + Urban
B3: 2023 | C3: May | D3: Food & Beverages | E3: Cereals and products | F3: =HLOOKUP(E3,Table13[[#All],[Cereals and products]:[General index]],371,0) -> 173.2 | G3: =HLOOKUP(E3,Table13[[#All],[Cereals and products]:[General index]],372,0) -> 174.7 | H3: =HLOOKUP(E3,Table13[[#All],[Cereals and products]:[General index]],373,0) -> 173.7
B4: 2023 | C4: May | D4: Food & Beverages | E4: Meat and fish | F4: =HLOOKUP(E4,Table13[[#All],[Cereals and products]:[General index]],371,0) -> 211.5 | G4: =HLOOKUP(E4,Table13[[#All],[Cereals and products]:[General index]],372,0) -> 219.4 | H4: =HLOOKUP(E4,Table13[[#All],[Cereals and products]:[General index]],373,0) -> 214.3
B5: 2023 | C5: May | D5: Food & Beverages | E5: Egg | F5: =HLOOKUP(E5,Table13[[#All],[Cereals and products]:[General index]],371,0) -> 171 | G5: =HLOOKUP(E5,Table13[[#All],[Cereals and products]:[General index]],372,0) -> 176.7 | H5: =HLOOKUP(E5,Table13[[#All],[Cereals and products]:[General index]],373,0) -> 173.2
B6: 2023 | C6: May | D6: Food & Beverages | E6: Milk and products | F6: =HLOOKUP(E6,Table13[[#All],[Cereals and products]:[General index]],371,0) -> 179.6 | G6: =HLOOKUP(E6,Table13[[#All],[Cereals and products]:[General index]],372,0) -> 179.4 | H6: =HLOOKUP(E6,Table13[[#All],[Cereals and products]:[General index]],373,0) -> 179.5
B7: 2023 | C7: May | D7: Food & Beverages | E7: Oils and fats | F7: =HLOOKUP(E7,Table13[[#All],[Cereals and products]:[General index]],371,0) -> 173.3 | G7: =HLOOKUP(E7,Table13[[#All],[Cereals and products]:[General index]],372,0) -> 164.4 | H7: =HLOOKUP(E7,Table13[[#All],[Cereals and products]:[General index]],373,0) -> 170
B8: 2023 | C8: May | D8: Food & Beverages | E8: Fruits | F8: =HLOOKUP(E8,Table13[[#All],[Cereals and products]:[General index]],371,0) -> 169 | G8: =HLOOKUP(E8,Table13[[#All],[Cereals and products]:[General index]],372,0) -> 175.8 | H8: =HLOOKUP(E8,Table13[[#All],[Cereals and products]:[General index]],373,0) -> 172.2
B9: 2023 | C9: May | D9: Food & Beverages | E9: Vegetables | F9: =HLOOKUP(E9,Table13[[#All],[Cereals and products]:[General index]],371,0) -> 148.7 | G9: =HLOOKUP(E9,Table13[[#All],[Cereals and products]:[General index]],372,0) -> 185 | H9: =HLOOKUP(E9,Table13[[#All],[Cereals and products]:[General index]],373,0) -> 161
B10: 2023 | C10: May | D10: Food & Beverages | E10: Pulses and products | F10: =HLOOKUP(E10,Table13[[#All],[Cereals and products]:[General index]],371,0) -> 174.9 | G10: =HLOOKUP(E10,Table13[[#All],[Cereals and products]:[General index]],372,0) -> 176.9 | H10: =HLOOKUP(E10,Table13[[#All],[Cereals and products]:[General index]],373,0) -> 175.6
B11: 2023 | C11: May | D11: Food & Beverages | E11: Sugar and Confectionery | F11: =HLOOKUP(E11,Table13[[#All],[Cereals and products]:[General index]],371,0) -> 121.9 | G11: =HLOOKUP(E11,Table13[[#All],[Cereals and products]:[General index]],372,0) -> 124.2 | H11: =HLOOKUP(E11,Table13[[#All],[Cereals and products]:[General index]],373,0) -> 122.7 | J11: Row Labels | K11: Sum of Rural + Urban
B12: 2023 | C12: May | D12: Food & Beverages | E12: Spices | F12: =HLOOKUP(E12,Table13[[#All],[Cereals and products]:[General index]],371,0) -> 221 | G12: =HLOOKUP(E12,Table13[[#All],[Cereals and products]:[General index]],372,0) -> 211.9 | H12: =HLOOKUP(E12,Table13[[#All],[Cereals and products]:[General index]],373,0) -> 218 | J12: Food & Beverages | K12: 0.49563854
B13: 2023 | C13: May | D13: Food & Beverages | E13: Non-alcoholic beverages | F13: =HLOOKUP(E13,Table13[[#All],[Cereals and products]:[General index]],371,0) -> 178.7 | G13: =HLOOKUP(E13,Table13[[#All],[Cereals and products]:[General index]],372,0) -> 165.9 | H13: =HLOOKUP(E13,Table13[[#All],[Cereals and products]:[General index]],373,0) -> 173.4 | J13: Clothing and Footwear | K13: 0.11885528
B14: 2023 | C14: May | D14: Food & Beverages | E14: Prepared meals, snacks, sweets etc. | F14: =HLOOKUP(E14,Table13[[#All],[Cereals and products]:[General index]],371,0) -> 191.1 | G14: =HLOOKUP(E14,Table13[[#All],[Cereals and products]:[General index]],372,0) -> 197.7 | H14: =HLOOKUP(E14,Table13[[#All],[Cereals and products]:[General index]],373,0) -> 194.2 | J14: Recreation and miscellaneous | K14: 0.11771657
B15: 2023 | C15: May | D15: Food & Beverages | E15: Food and beverages | F15: =HLOOKUP(E15,Table13[[#All],[Cereals and products]:[General index]],371,0) -> 176.8 | G15: =HLOOKUP(E15,Table13[[#All],[Cereals and products]:[General index]],372,0) -> 183.1 | H15: =HLOOKUP(E15,Table13[[#All],[Cereals and products]:[General index]],373,0) -> 179.1 | J15: Health and Personal care | K15: 0.079688037
B16: 2023 | C16: May | D16: Energy | E16: Fuel and light | F16: =HLOOKUP(E16,Table13[[#All],[Cereals and products]:[General index]],371,0) -> 182.5 | G16: =HLOOKUP(E16,Table13[[#All],[Cereals and products]:[General index]],372,0) -> 183.4 | H16: =HLOOKUP(E16,Table13[[#All],[Cereals and products]:[General index]],373,0) -> 182.8 | J16: Housing and Household | K16: 0.075369543
B17: 2023 | C17: May | D17: Transportation | E17: Transport and communication | F17: =HLOOKUP(E17,Table13[[#All],[Cereals and products]:[General index]],371,0) -> 169.7 | G17: =HLOOKUP(E17,Table13[[#All],[Cereals and products]:[General index]],372,0) -> 160.4 | H17: =HLOOKUP(E17,Table13[[#All],[Cereals and products]:[General index]],373,0) -> 164.8 | J17: Energy | K17: 0.039274665
B18: 2023 | C18: May | D18: Education | E18: Education | F18: =HLOOKUP(E18,Table13[[#All],[Cereals and products]:[General index]],371,0) -> 180.3 | G18: =HLOOKUP(E18,Table13[[#All],[Cereals and products]:[General index]],372,0) -> 174.8 | H18: =HLOOKUP(E18,Table13[[#All],[Cereals and products]:[General index]],373,0) -> 177.1 | J18: Education | K18: 0.038050017
B19: 2023 | C19: May | D19: Health and Personal care | E19: Health | F19: =HLOOKUP(E19,Table13[[#All],[Cereals and products]:[General index]],371,0) -> 187.8 | G19: =HLOOKUP(E19,Table13[[#All],[Cereals and products]:[General index]],372,0) -> 182.2 | H19: =HLOOKUP(E19,Table13[[#All],[Cereals and products]:[General index]],373,0) -> 185.7 | J19: Transportation | K19: 0.035407356
B20: 2023 | C20: May | D20: Health and Personal care | E20: Personal care and effects | F20: =HLOOKUP(E20,Table13[[#All],[Cereals and products]:[General index]],371,0) -> 184.9 | G20: =HLOOKUP(E20,Table13[[#All],[Cereals and products]:[General index]],372,0) -> 185.6 | H20: =HLOOKUP(E20,Table13[[#All],[Cereals and products]:[General index]],373,0) -> 185.2 | J20: Grand Total | K20: 1
B21: 2023 | C21: May | D21: Housing and Household | E21: Housing | F21: =HLOOKUP(E21,Table13[[#All],[Cereals and products]:[General index]],371,0) -> 175.6 | G21: =HLOOKUP(E21,Table13[[#All],[Cereals and products]:[General index]],372,0) -> 175.6 | H21: =HLOOKUP(E21,Table13[[#All],[Cereals and products]:[General index]],373,0) -> 175.6
B22: 2023 | C22: May | D22: Housing and Household | E22: Household goods and services | F22: =HLOOKUP(E22,Table13[[#All],[Cereals and products]:[General index]],371,0) -> 179.8 | G22: =HLOOKUP(E22,Table13[[#All],[Cereals and products]:[General index]],372,0) -> 170.1 | H22: =HLOOKUP(E22,Table13[[#All],[Cereals and products]:[General index]],373,0) -> 175.2 | J22: Tasks:
B23: 2023 | C23: May | D23: Clothing and Footwear | E23: Clothing | F23: =HLOOKUP(E23,Table13[[#All],[Cereals and products]:[General index]],371,0) -> 191.2 | G23: =HLOOKUP(E23,Table13[[#All],[Cereals and products]:[General index]],372,0) -> 181.3 | H23: =HLOOKUP(E23,Table13[[#All],[Cereals and products]:[General index]],373,0) -> 187.3 | J23: 1. Which broader category has the highest contribution towards CPI calculation?
B24: 2023 | C24: May | D24: Clothing and Footwear | E24: Footwear | F24: =HLOOKUP(E24,Table13[[#All],[Cereals and products]:[General index]],371,0) -> 187.9 | G24: =HLOOKUP(E24,Table13[[#All],[Cereals and products]:[General index]],372,0) -> 168.1 | H24: =HLOOKUP(E24,Table13[[#All],[Cereals and products]:[General index]],373,0) -> 179.7 | J24: Food & Beverage
B25: 2023 | C25: May | D25: Clothing and Footwear | E25: Clothing and footwear | F25: =HLOOKUP(E25,Table13[[#All],[Cereals and products]:[General index]],371,0) -> 190.8 | G25: =HLOOKUP(E25,Table13[[#All],[Cereals and products]:[General index]],372,0) -> 179.3 | H25: =HLOOKUP(E25,Table13[[#All],[Cereals and products]:[General index]],373,0) -> 186.2 | J25: 2. Contribution is calculated by evaluating the underlying index values for broader categories, and the total should add up to 100% when all broader categories are added.
B26: 2023 | C26: May | D26: Recreation and miscellaneous | E26: Pan, tobacco and intoxicants | F26: =HLOOKUP(E26,Table13[[#All],[Cereals and products]:[General index]],371,0) -> 199.9 | G26: =HLOOKUP(E26,Table13[[#All],[Cereals and products]:[General index]],372,0) -> 204.2 | H26: =HLOOKUP(E26,Table13[[#All],[Cereals and products]:[General index]],373,0) -> 201
B27: 2023 | C27: May | D27: Recreation and miscellaneous | E27: Recreation and amusement | F27: =HLOOKUP(E27,Table13[[#All],[Cereals and products]:[General index]],371,0) -> 173.8 | G27: =HLOOKUP(E27,Table13[[#All],[Cereals and products]:[General index]],372,0) -> 169.2 | H27: =HLOOKUP(E27,Table13[[#All],[Cereals and products]:[General index]],373,0) -> 171.2 | J27: Done
B28: 2023 | C28: May | D28: Recreation and miscellaneous | E28: Miscellaneous | F28: =HLOOKUP(E28,Table13[[#All],[Cereals and products]:[General index]],371,0) -> 179.5 | G28: =HLOOKUP(E28,Table13[[#All],[Cereals and products]:[General index]],372,0) -> 171.6 | H28: =HLOOKUP(E28,Table13[[#All],[Cereals and products]:[General index]],373,0) -> 175.7

Sheet Problem statement 2
B2: Sector | C2: Rural+Urban
B4: Sum of General index | C4: Column Labels
B5: Row Labels | C5: January | D5: December
B6: 2016 | C6: 126.3 | D6: 130.4
B7: 2017 | C7: 130.3 | D7: 137.2
B8: 2018 | C8: 136.9 | D8: 140.1
B9: 2019 | C9: 139.6 | D9: 150.4
B10: 2020 | C10: 150.2 | D10: 158.9
B11: 2021 | C11: 157.3 | D11: 166.2
B12: 2022 | C12: 165.7 | D12: 175.7
B13: 2023 | C13: 176.5
B14: Grand Total | C14: 1182.8 | D14: 1058.9
B16: Row Labels | C16: January | D16: December | E16: Y-o-Y Inflation Rate
B17: 2016 | C17: 126.3 | D17: 130.4 | E17: =(D17-C17)/C17 -> 0.032462391
B18: 2017 | C18: 130.3 | D18: 137.2 | E18: =(D18-C18)/C18 -> 0.05295472
B19: 2018 | C19: 136.9 | D19: 140.1 | E19: =(D19-C19)/C19 -> 0.023374726
B20: 2019 | C20: 139.6 | D20: 150.4 | E20: =(D20-C20)/C20 -> 0.077363897
B21: 2020 | C21: 150.2 | D21: 158.9 | E21: =(D21-C21)/C21 -> 0.05792277
B22: 2021 | C22: 157.3 | D22: 166.2 | E22: =(D22-C22)/C22 -> 0.056579784
B23: 2022 | C23: 165.7 | D23: 175.7 | E23: =(D23-C23)/C23 -> 0.06035003
B24: 2023 | C24: 176.5
B26: Formula Used for Annual Inflation Rate:- ((CPI at the end of the year-CPI at the start of year)/CPI at start of year )*100
B28: Insights:
B29: 2019 had the highest Y-o-Y inflation rate (7.7%) between 2017 and 2022.
B30: 1. Sharp increases in vegetable and onion prices during mid to late 2019.Unseasonal rainfall and floods affected crop yields, particularly onions and tomatoes.
B31: 2. The primary cause was food inflation driven by poor agricultural output and weather disruptions.
B32: 3. Additional pressure from global oil prices, currency depreciation, and a low base effect compounded the inflation spike.

Sheet Problem statement 3
B11: Sector | C11: Year | D11: Month | E11: Food & Beverages | F11: M-o-M Inflation Rate
B12: Rural+Urban | C12: 2022 | D12: June | E12: 2261.9
B13: Rural+Urban | C13: 2022 | D13: July | E13: 2266.3 | F13: =(E13-E12)/E13 -> 0.0019414905
B14: Rural+Urban | C14: 2022 | D14: August | E14: 2269.2 | F14: =(E14-E13)/E14 -> 0.0012779834
B15: Rural+Urban | C15: 2022 | D15: September | E15: 2280.9 | F15: =(E15-E14)/E15 -> 0.0051295541
B16: Rural+Urban | C16: 2022 | D16: October | E16: 2297.3 | F16: =(E16-E15)/E16 -> 0.0071388151
B17: Rural+Urban | C17: 2022 | D17: November | E17: 2296.8 | F17: =(E17-E16)/E17 -> -0.00021769418
B18: Rural+Urban | C18: 2022 | D18: December | E18: 2283.4 | F18: =(E18-E17)/E18 -> -0.0058684418
B19: Rural+Urban | C19: 2023 | D19: January | E19: 2292.7 | F19: =(E19-E18)/E19 -> 0.0040563528
B20: Rural+Urban | C20: 2023 | D20: February | E20: 2279.1 | F20: =(E20-E19)/E20 -> -0.0059672678
B21: Rural+Urban | C21: 2023 | D21: March | E21: 2279.2 | F21: =(E21-E20)/E21 -> 4.3875044e-05
B22: Rural+Urban | C22: 2023 | D22: April | E22: 2289.6 | F22: =(E22-E21)/E22 -> 0.0045422781
B23: Rural+Urban | C23: 2023 | D23: May | E23: 2306.9 | F23: =(E23-E22)/E23 -> 0.0074992414
B25: Task -
B26: 1. Identifying the highest & lowest MoM food inflation
B27: Highest: May 2023 (0.75%)
B28: Lowest: February 2023 (-0.60%)
B29: 2. Analyzing absolute changes over the 12-month period
B30: =(E23-E12)/E12 -> 0.019894779
B31: 3. Biggest contributor
B32: Spices
B34: Sector | C34: Year | D34: Month | E34: Cereals and products | F34: Meat and fish | G34: Egg | H34: Milk and products | I34: Oils and fats | J34: Fruits | K34: Vegetables | L34: Pulses and products | M34: Sugar and Confectionery | N34: Spices | O34: Non-alcoholic beverages | P34: Prepared meals, snacks, sweets etc. | Q34: Food and beverages
B35: Rural+Urban | C35: 2022 | D35: June | E35: 155 | F35: 219.4 | G35: 170.8 | H35: 165.8 | I35: 200.9 | J35: 169.7 | K35: 182.3 | L35: 164.3 | M35: 119.9 | N35: 187.1 | O35: 167.9 | P35: 183.9 | Q35: 174.9
B36: Rural+Urban | C36: 2022 | D36: July | E36: 156.5 | F36: 213 | G36: 175.2 | H36: 166.6 | I36: 195.8 | J36: 174.2 | K36: 182.1 | L36: 164.3 | M36: 120 | N36: 190 | O36: 168.4 | P36: 185.2 | Q36: 175
B37: Rural+Urban | C37: 2022 | D37: August | E37: 160.3 | F37: 206.5 | G37: 169.2 | H37: 168.1 | I37: 192.4 | J37: 172.9 | K37: 186.7 | L37: 167.2 | M37: 120.9 | N37: 193.6 | O37: 168.8 | P37: 186.3 | Q37: 176.3
B38: Rural+Urban | C38: 2022 | D38: September | E38: 163.5 | F38: 209.2 | G38: 169.7 | H38: 169.7 | I38: 188.7 | J38: 165.7 | K38: 191.8 | L38: 169.1 | M38: 121.6 | N38: 197.3 | O38: 169.4 | P38: 187.4 | Q38: 177.8
B39: Rural+Urban | C39: 2022 | D39: October | E39: 165.2 | F39: 210.9 | G39: 170.9 | H39: 170.9 | I39: 186.5 | J39: 163.8 | K39: 199.7 | L39: 169.8 | M39: 121.9 | N39: 199.9 | O39: 169.9 | P39: 188.3 | Q39: 179.6
B40: Rural+Urban | C40: 2022 | D40: November | E40: 167.4 | F40: 209.4 | G40: 181.4 | H40: 172.3 | I40: 188.9 | J40: 160.7 | K40: 183.1 | L40: 170.5 | M40: 122.1 | N40: 202.8 | O40: 170.4 | P40: 189.5 | Q40: 178.3
B41: Rural+Urban | C41: 2022 | D41: December | E41: 169.2 | F41: 209 | G41: 190.2 | H41: 173.6 | I41: 188.5 | J41: 158 | K41: 159.9 | L41: 170.8 | M41: 121.8 | N41: 205.2 | O41: 171 | P41: 190.3 | Q41: 175.9
B42: Rural+Urban | C42: 2023 | D42: January | E42: 173.8 | F42: 210.7 | G42: 194.5 | H42: 174.6 | I42: 187.2 | J42: 158.3 | K42: 153.9 | L42: 170.9 | M42: 121.1 | N42: 208.4 | O42: 171.4 | P42: 191.2 | Q42: 176.7
B43: Rural+Urban | C43: 2023 | D43: February | E43: 174.4 | F43: 207.7 | G43: 175.2 | H43: 177.3 | I43: 179.3 | J43: 169.5 | K43: 152.7 | L43: 171 | M43: 120 | N43: 209.7 | O43: 172.3 | P43: 193 | Q43: 177
B44: Rural+Urban | C44: 2023 | D44: March | E44: 174.4 | F44: 207.7 | G44: 175.2 | H44: 177.3 | I44: 179.2 | J44: 169.5 | K44: 152.8 | L44: 171.1 | M44: 120 | N44: 209.7 | O44: 172.3 | P44: 193 | Q44: 177
B45: Rural+Urban | C45: 2023 | D45: April | E45: 173.8 | F45: 209.3 | G45: 169.6 | H45: 178.4 | I45: 174.9 | J45: 176.3 | K45: 155.4 | L45: 173.4 | M45: 121.3 | N45: 212.9 | O45: 172.9 | P45: 193.5 | Q45: 177.9
B46: Rural+Urban | C46: 2023 | D46: May | E46: 173.7 | F46: 214.3 | G46: 173.2 | H46: 179.5 | I46: 170 | J46: 172.2 | K46: 161 | L46: 175.6 | M46: 122.7 | N46: 218 | O46: 173.4 | P46: 194.2 | Q46: 179.1
B47: Inflation for each category | E47: =(E46-E35)/E35 -> 0.12064516 | F47: =(F46-F35)/F35 -> -0.023245214 | G47: =(G46-G35)/G35 -> 0.014051522 | H47: =(H46-H35)/H35 -> 0.082629674 | I47: =(I46-I35)/I35 -> -0.15380786 | J47: =(J46-J35)/J35 -> 0.01473188 | K47: =(K46-K35)/K35 -> -0.11684037 | L47: =(L46-L35)/L35 -> 0.068776628 | ... Q47: =(Q46-Q35)/Q35 -> 0.024013722

Sheet Problem statement 4
B2: Sector | C2: Year | D2: Month | E2: Food & Beverages | F2: Health and Personal care | G2: Essential | H2: Food Inflation | I2: Health Inflation | J2: Essential Inflation | K2: Period
B3: Rural+Urban | C3: 2019 | D3: January | E3: 1753.4 | F3: 277.9 | G3: =SUM('Working Data'!W220,'Working Data'!V220,'Working Data'!T220,'Working Data'!Q220) -> 592.7
B4: Rural+Urban | C4: 2019 | D4: February | E4: 1757.1 | F4: 279.7 | G4: =SUM('Working Data'!W221,'Working Data'!V221,'Working Data'!T221,'Working Data'!Q221) -> 608.1 | H4: =(Table11[[#This Row],[Food & Beverages]]-E3)/E3 -> 0.0021101859 | I4: =(Table11[[#This Row],[Health and Personal care]]-F3)/F3 -> 0.0064771501 | J4: =(Table11[[#This Row],[Essential]]-G3)/G3 -> 0.025982791 | K4: Before Covid
B5: Rural+Urban | C5: 2019 | D5: March | E5: 1762.9 | F5: 279.6 | G5: =SUM('Working Data'!W222,'Working Data'!V222,'Working Data'!T222,'Working Data'!Q222) -> 570 | H5: =(Table11[[#This Row],[Food & Beverages]]-E4)/E4 -> 0.0033008935 | I5: =(Table11[[#This Row],[Health and Personal care]]-F4)/F4 -> -0.00035752592 | J5: =(Table11[[#This Row],[Essential]]-G4)/G4 -> -0.062654169 | K5: Before Covid
B6: Rural+Urban | C6: 2019 | D6: May | E6: 1791.9 | F6: 280.3 | G6: =SUM('Working Data'!W223,'Working Data'!V223,'Working Data'!T223,'Working Data'!Q223) -> 592 | H6: =(Table11[[#This Row],[Food & Beverages]]-E5)/E5 -> 0.016450167 | I6: =(Table11[[#This Row],[Health and Personal care]]-F5)/F5 -> 0.0025035765 | J6: =(Table11[[#This Row],[Essential]]-G5)/G5 -> 0.038596491 | K6: Before Covid
B7: Rural+Urban | C7: 2019 | D7: June | E7: 1814.1 | F7: 281.7 | G7: =SUM('Working Data'!W224,'Working Data'!V224,'Working Data'!T224,'Working Data'!Q224) -> 609.4 | H7: =(Table11[[#This Row],[Food & Beverages]]-E6)/E6 -> 0.012389084 | I7: =(Table11[[#This Row],[Health and Personal care]]-F6)/F6 -> 0.0049946486 | J7: =(Table11[[#This Row],[Essential]]-G6)/G6 -> 0.029391892 | K7: Before Covid
B8: Rural+Urban | C8: 2019 | D8: July | E8: 1837.5 | F8: 283.6 | G8: =SUM('Working Data'!W225,'Working Data'!V225,'Working Data'!T225,'Working Data'!Q225) -> 572.5 | H8: =(Table11[[#This Row],[Food & Beverages]]-E7)/E7 -> 0.012898958 | I8: =(Table11[[#This Row],[Health and Personal care]]-F7)/F7 -> 0.0067447639 | J8: =(Table11[[#This Row],[Essential]]-G7)/G7 -> -0.060551362 | K8: Before Covid
B9: Rural+Urban | C9: 2019 | D9: August | E9: 1846.5 | F9: 286.9 | G9: =SUM('Working Data'!W226,'Working Data'!V226,'Working Data'!T226,'Working Data'!Q226) -> 593.7 | H9: =(Table11[[#This Row],[Food & Beverages]]-E8)/E8 -> 0.0048979592 | I9: =(Table11[[#This Row],[Health and Personal care]]-F8)/F8 -> 0.011636107 | J9: =(Table11[[#This Row],[Essential]]-G8)/G8 -> 0.037030568 | K9: Before Covid
B10: Rural+Urban | C10: 2019 | D10: September | E10: 1857.7 | F10: 288.7 | G10: =SUM('Working Data'!W227,'Working Data'!V227,'Working Data'!T227,'Working Data'!Q227) -> 610.4 | H10: =(Table11[[#This Row],[Food & Beverages]]-E9)/E9 -> 0.0060655294 | I10: =(Table11[[#This Row],[Health and Personal care]]-F9)/F9 -> 0.0062739631 | J10: =(Table11[[#This Row],[Essential]]-G9)/G9 -> 0.028128685 | K10: Before Covid
B11: Rural+Urban | C11: 2019 | D11: October | E11: 1885.6 | F11: 289.4 | G11: =SUM('Working Data'!W228,'Working Data'!V228,'Working Data'!T228,'Working Data'!Q228) -> 575 | H11: =(Table11[[#This Row],[Food & Beverages]]-E10)/E10 -> 0.015018571 | I11: =(Table11[[#This Row],[Health and Personal care]]-F10)/F10 -> 0.0024246623 | J11: =(Table11[[#This Row],[Essential]]-G10)/G10 -> -0.057994758 | K11: Before Covid | M11: Essentials:
B12: Rural+Urban | C12: 2019 | D12: November | E12: 1910.9 | F12: 290.2 | G12: =SUM('Working Data'!W229,'Working Data'!V229,'Working Data'!T229,'Working Data'!Q229) -> 595.4 | H12: =(Table11[[#This Row],[Food & Beverages]]-E11)/E11 -> 0.01341748 | I12: =(Table11[[#This Row],[Health and Personal care]]-F11)/F11 -> 0.00276434 | J12: =(Table11[[#This Row],[Essential]]-G11)/G11 -> 0.035478261 | K12: Before Covid | M12: Household goods and services Clothing and footwear Fuel and light Pan, tobacco and intoxicants
B13: Rural+Urban | C13: 2019 | D13: December | E13: 1946.1 | F13: 290.8 | G13: =SUM('Working Data'!W230,'Working Data'!V230,'Working Data'!T230,'Working Data'!Q230) -> 612.3 | H13: =(Table11[[#This Row],[Food & Beverages]]-E12)/E12 -> 0.018420639 | I13: =(Table11[[#This Row],[Health and Personal care]]-F12)/F12 -> 0.0020675396 | J13: =(Table11[[#This Row],[Essential]]-G12)/G12 -> 0.028384279 | K13: Before Covid
B14: Rural+Urban | C14: 2020 | D14: January | E14: 1940.4 | F14: 293.5 | G14: =SUM('Working Data'!W231,'Working Data'!V231,'Working Data'!T231,'Working Data'!Q231) -> 577 | H14: =(Table11[[#This Row],[Food & Beverages]]-E13)/E13 -> -0.0029289348 | I14: =(Table11[[#This Row],[Health and Personal care]]-F13)/F13 -> 0.0092847318 | J14: =(Table11[[#This Row],[Essential]]-G13)/G13 -> -0.057651478 | K14: Before Covid
B15: Rural+Urban | C15: 2020 | D15: February | E15: 1911.6 | F15: 295.1 | G15: =SUM('Working Data'!W232,'Working Data'!V232,'Working Data'!T232,'Working Data'!Q232) -> 597.3 | H15: =(Table11[[#This Row],[Food & Beverages]]-E14)/E14 -> -0.014842301 | I15: =(Table11[[#This Row],[Health and Personal care]]-F14)/F14 -> 0.005451448 | J15: =(Table11[[#This Row],[Essential]]-G14)/G14 -> 0.035181976 | K15: Before Covid
B16: Rural+Urban | C16: 2020 | D16: March | E16: 1895.4 | F16: 297.5 | G16: =SUM('Working Data'!W233,'Working Data'!V233,'Working Data'!T233,'Working Data'!Q233) -> 612.2 | H16: =(Table11[[#This Row],[Food & Beverages]]-E15)/E15 -> -0.0084745763 | I16: =(Table11[[#This Row],[Health and Personal care]]-F15)/F15 -> 0.0081328363 | J16: =(Table11[[#This Row],[Essential]]-G15)/G15 -> 0.024945588 | K16: Covid Onset
B17: Rural+Urban | C17: 2020 | D17: April | E17: 1949.35 | F17: 295.01667 | G17: =SUM('Working Data'!W234,'Working Data'!V234,'Working Data'!T234,'Working Data'!Q234) -> 574.6 | H17: =(Table11[[#This Row],[Food & Beverages]]-E16)/E16 -> 0.028463649 | I17: =(Table11[[#This Row],[Health and Personal care]]-F16)/F16 -> -0.0083473389 | J17: =(Table11[[#This Row],[Essential]]-G16)/G16 -> -0.061417837 | K17: After Covid | M17: Insights Before March 2020 (Jan 2019 – Mar 2020):
B18: Rural+Urban | C18: 2020 | D18: May | E18: 1923.7833 | F18: 295.83333 | G18: =SUM('Working Data'!W235,'Working Data'!V235,'Working Data'!T235,'Working Data'!Q235) -> 596.3 | H18: =(Table11[[#This Row],[Food & Beverages]]-E17)/E17 -> -0.013115483 | I18: =(Table11[[#This Row],[Health and Personal care]]-F17)/F17 -> 0.0027682052 | J18: =(Table11[[#This Row],[Essential]]-G17)/G17 -> 0.037765402 | K18: After Covid
B19: Rural+Urban | C19: 2020 | D19: June | E19: 1966.8 | F19: 306 | G19: =SUM('Working Data'!W236,'Working Data'!V236,'Working Data'!T236,'Working Data'!Q236) -> 612.8 | H19: =(Table11[[#This Row],[Food & Beverages]]-E18)/E18 -> 0.022360453 | I19: =(Table11[[#This Row],[Health and Personal care]]-F18)/F18 -> 0.034366197 | J19: =(Table11[[#This Row],[Essential]]-G18)/G18 -> 0.027670636 | K19: After Covid | M19: 1. Food Inflation (Blue Line):
B20: Rural+Urban | C20: 2020 | D20: July | E20: 1966.8 | F20: 306 | G20: =SUM('Working Data'!W237,'Working Data'!V237,'Working Data'!T237,'Working Data'!Q237) -> 574.5 | H20: =(Table11[[#This Row],[Food & Beverages]]-E19)/E19 -> 0 | I20: =(Table11[[#This Row],[Health and Personal care]]-F19)/F19 -> 0 | J20: =(Table11[[#This Row],[Essential]]-G19)/G19 -> -0.0625 | K20: After Covid | M20: Generally stable with mild monthly fluctuations.
B21: Rural+Urban | C21: 2020 | D21: August | E21: 1995.2 | F21: 309.3 | G21: =SUM('Working Data'!W238,'Working Data'!V238,'Working Data'!T238,'Working Data'!Q238) -> 596.7 | H21: =(Table11[[#This Row],[Food & Beverages]]-E20)/E20 -> 0.014439699 | I21: =(Table11[[#This Row],[Health and Personal care]]-F20)/F20 -> 0.010784314 | J21: =(Table11[[#This Row],[Essential]]-G20)/G20 -> 0.038642298 | K21: After Covid | M21: Ranges mostly between 0% to 2% (0 to 0.02 on the Y-axis).
B22: Rural+Urban | C22: 2020 | D22: September | E22: 2007 | F22: 314 | G22: =SUM('Working Data'!W239,'Working Data'!V239,'Working Data'!T239,'Working Data'!Q239) -> 613.9 | H22: =(Table11[[#This Row],[Food & Beverages]]-E21)/E21 -> 0.0059141941 | I22: =(Table11[[#This Row],[Health and Personal care]]-F21)/F21 -> 0.015195603 | J22: =(Table11[[#This Row],[Essential]]-G21)/G21 -> 0.028825205 | K22: After Covid | M22: Slight upward trend visible toward late 2019.
B23: Rural+Urban | C23: 2020 | D23: October | E23: 2048.6 | F23: 313.3 | G23: =SUM('Working Data'!W240,'Working Data'!V240,'Working Data'!T240,'Working Data'!Q240) -> 576.8 | H23: =(Table11[[#This Row],[Food & Beverages]]-E22)/E22 -> 0.020727454 | I23: =(Table11[[#This Row],[Health and Personal care]]-F22)/F22 -> -0.0022292994 | J23: =(Table11[[#This Row],[Essential]]-G22)/G22 -> -0.060433295 | K23: After Covid
B24: Rural+Urban | C24: 2020 | D24: November | E24: 2095.6 | F24: 314.1 | G24: =SUM('Working Data'!W241,'Working Data'!V241,'Working Data'!T241,'Working Data'!Q241) -> 598.2 | H24: =(Table11[[#This Row],[Food & Beverages]]-E23)/E23 -> 0.022942497 | I24: =(Table11[[#This Row],[Health and Personal care]]-F23)/F23 -> 0.0025534631 | J24: =(Table11[[#This Row],[Essential]]-G23)/G23 -> 0.037101248 | K24: After Covid | M24: 2. Health Inflation (Purple Line):
B25: Rural+Urban | C25: 2020 | D25: December | E25: 2109.1 | F25: 315.4 | G25: =SUM('Working Data'!W242,'Working Data'!V242,'Working Data'!T242,'Working Data'!Q242) -> 615.6 | H25: =(Table11[[#This Row],[Food & Beverages]]-E24)/E24 -> 0.0064420691 | I25: =(Table11[[#This Row],[Health and Personal care]]-F24)/F24 -> 0.0041388093 | J25: =(Table11[[#This Row],[Essential]]-G24)/G24 -> 0.029087262 | K25: After Covid | M25: Remains steady with very little monthly volatility.
B26: Rural+Urban | C26: 2021 | D26: January | E26: 2076.5 | F26: 316.1 | G26: =SUM('Working Data'!W243,'Working Data'!V243,'Working Data'!T243,'Working Data'!Q243) -> 580.8 | H26: =(Table11[[#This Row],[Food & Beverages]]-E25)/E25 -> -0.01545683 | I26: =(Table11[[#This Row],[Health and Personal care]]-F25)/F25 -> 0.0022194039 | J26: =(Table11[[#This Row],[Essential]]-G25)/G25 -> -0.056530214 | K26: After Covid | M26: Mostly hovers between 0% and 1%.
B27: Rural+Urban | C27: 2021 | D27: February | E27: 2039.3 | F27: 317.1 | G27: =SUM('Working Data'!W244,'Working Data'!V244,'Working Data'!T244,'Working Data'!Q244) -> 600.9 | H27: =(Table11[[#This Row],[Food & Beverages]]-E26)/E26 -> -0.01791476 | I27: =(Table11[[#This Row],[Health and Personal care]]-F26)/F26 -> 0.0031635558 | J27: =(Table11[[#This Row],[Essential]]-G26)/G26 -> 0.034607438 | K27: After Covid | M27: Reflects a relatively controlled or regulated health sector prior to the pandemic.
B28: Rural+Urban | C28: 2021 | D28: March | E28: 2039.4 | F28: 315.5 | G28: =SUM('Working Data'!W245,'Working Data'!V245,'Working Data'!T245,'Working Data'!Q245) -> 618 | H28: =(Table11[[#This Row],[Food & Beverages]]-E27)/E27 -> 4.9036434e-05 | I28: =(Table11[[#This Row],[Health and Personal care]]-F27)/F27 -> -0.0050457269 | J28: =(Table11[[#This Row],[Essential]]-G27)/G27 -> 0.028457314 | K28: After Covid
M29: 3. Essential Inflation (Green Line):
M30: Shows a clear seasonal or cyclical pattern, with sharp increases followed by equally sharp declines.
M31: Frequently dips into negative inflation (deflation) territory, sometimes as low as -6%.
M32: This cyclical pattern suggests possible seasonality in essential goods pricing (possibly energy, utilities, etc.).
M34: Insights After March 2020 (Apr 2020 – Mar 2021):
M36: 1. Food Inflation:
M37: Becomes more volatile post-March 2020.
M38: Peaks sharply around April and May 2020, likely due to supply chain disruptions and panic buying during lockdowns.
M39: Although it stabilizes later, the volatility remains slightly higher than pre-pandemic levels.
M41: 2. Health Inflation:
M42: Slightly increases and shows greater variability, especially around June 2020, possibly reflecting higher demand for healthcare services and medical goods.
M43: Suggests pressure on the health sector during the peak pandemic phase.
... M57: Overall, economic volatility increased post-pandemic onset, with inflationary pressures in critical sectors.

Sheet Problem statement 5
B1: Sector | C1: Year | D1: Month | E1: Crude Oil Price | F1: Inflation | G1: Cereals and products | H1: Meat and fish | I1: Egg | J1: Milk and products | K1: Oils and fats | L1: Fruits | M1: Vegetables | N1: Pulses and products | O1: Sugar and Confectionery | P1: Spices | Q1: Non-alcoholic beverages | R1: Prepared meals, snacks, sweets etc. | S1: Food and beverages | T1: Pan, tobacco and intoxicants | U1: Clothing | V1: Footwear | W1: Clothing and footwear | X1: Housing | Y1: Fuel and light | Z1: Household goods and services | AA1: Health | AB1: Transport and communication | AC1: Recreation and amusement | AD1: Education | AE1: Personal care and effects | AF1: Miscellaneous | AG1: General index
B2: Rural+Urban | C2: 2021 | D2: January | E2: 3918.56 | F2: 0.0917 | G2: 144.9 | H2: 190.1 | I2: 175.3 | J2: 154.1 | K2: 150.9 | L2: 149.6 | M2: 194.2 | N2: 160.4 | O2: 114.6 | P2: 164 | Q2: 151.8 | R2: 165.6 | S2: 161 | T2: 186.5 | U2: 155.5 | V2: 146.1 | W2: 154.2 | X2: 157.7 | Y2: 147.9 | Z2: 150 | AA2: 159.3 | AB2: 141.9 | AC2: 149.6 | AD2: 159.2 | AE2: 156.8 | AF2: 151.9 | AG2: 157.3
B3: Rural+Urban | C3: 2021 | D3: February | E3: 4399.41 | F3: 0.1227 | G3: 144.3 | H3: 186.5 | I3: 168.7 | J3: 154.7 | K3: 158.7 | L3: 150.7 | M3: 160 | N3: 158.8 | O3: 112.8 | P3: 164.2 | Q3: 155.5 | R3: 167.5 | S3: 156.9 | T3: 188.3 | U3: 157.2 | V3: 147.4 | W3: 155.8 | X3: 159.8 | Y3: 152.4 | Z3: 150.9 | AA3: 161.3 | AB3: 145.1 | AC3: 151.5 | AD3: 159.5 | AE3: 155.8 | AF3: 153.4 | AG3: 156.6
B4: Rural+Urban | C4: 2021 | D4: March | E4: 4646.36 | F4: 0.0561 | G4: 144.1 | H4: 192.2 | I4: 163.8 | J4: 154.9 | K4: 163.9 | L4: 153.7 | M4: 149.5 | N4: 159.8 | O4: 112.6 | P4: 163.5 | Q4: 156.5 | R4: 168.2 | S4: 156.7 | T4: 188.1 | U4: 157.8 | V4: 147.9 | W4: 156.4 | X4: 159.9 | Y4: 155.5 | Z4: 151.2 | AA4: 161.7 | AB4: 146.2 | AC4: 152.6 | AD4: 160.2 | AE4: 153.8 | AF4: 153.8 | AG4: 156.8
B5: Rural+Urban | C5: 2021 | D5: April | E5: 4684.64 | F5: 0.0082 | G5: 144.3 | H5: 198 | I5: 164.6 | J5: 155.4 | K5: 170.1 | L5: 164.4 | M5: 144.1 | N5: 161.7 | O5: 113.1 | P5: 163.9 | Q5: 157.6 | R5: 168.9 | S5: 158 | T5: 188.8 | U5: 158.8 | V5: 148.5 | W5: 157.3 | X5: 161.4 | Y5: 155.6 | Z5: 151.8 | AA5: 162.3 | AB5: 146.6 | AC5: 153.2 | AD5: 160.3 | AE5: 155.4 | AF5: 154.4 | AG5: 157.8
B6: Rural+Urban | C6: 2021 | D6: May | E6: 4870.98 | F6: 0.0398 | G6: 146.3 | H6: 200.5 | I6: 170.3 | J6: 156.1 | K6: 178.7 | L6: 167.1 | M6: 147.9 | N6: 165.4 | O6: 114.8 | P6: 168.2 | Q6: 159.3 | R6: 170.4 | S6: 160.7 | T6: 191.9 | U6: 161.8 | V6: 152.1 | W6: 160.4 | X6: 161.6 | Y6: 159.4 | Z6: 154.7 | AA6: 165.8 | AB6: 148.9 | AC6: 155.8 | AD6: 161.2 | AE6: 158.6 | AF6: 156.8 | AG6: 160.4
B7: Rural+Urban | C7: 2021 | D7: June | E7: 5281.48 | F7: 0.0843 | G7: 146.7 | H7: 202 | I7: 180.7 | J7: 156.2 | K7: 183.7 | L7: 164.6 | M7: 155.4 | N7: 166 | O7: 115.1 | P7: 168.5 | Q7: 160 | R7: 172.4 | S7: 162.6 | T7: 190.8 | U7: 162.2 | V7: 151.8 | W7: 160.7 | X7: 160.5 | Y7: 159.8 | Z7: 154.8 | AA7: 166.3 | AB7: 150.7 | AC7: 154.9 | AD7: 161.7 | AE7: 158.8 | AF7: 157.6 | AG7: 161.3
B8: Rural+Urban | C8: 2021 | D8: July | E8: 5460.9 | F8: 0.034 | G8: 146.4 | H8: 206.8 | I8: 182.2 | J8: 157.5 | K8: 182.1 | L8: 163.9 | M8: 164.2 | N8: 164 | O8: 114.5 | P8: 168.3 | Q8: 160.9 | R8: 172.2 | S8: 164 | T8: 191.2 | U8: 162.8 | V8: 153.1 | W8: 161.4 | X8: 161.5 | Y8: 160.7 | Z8: 155.8 | AA8: 167 | AB8: 153.1 | AC8: 155.3 | AD8: 163.2 | AE8: 160.1 | AF8: 159 | AG8: 162.5
B9: Rural+Urban | C9: 2021 | D9: August | E9: 5108.73 | F9: -0.0645 | G9: 146.6 | H9: 204 | I9: 172.8 | J9: 158.4 | K9: 188 | L9: 156.8 | M9: 162.2 | N9: 164.1 | O9: 119.7 | P9: 168.8 | Q9: 162.7 | R9: 173.9 | S9: 164 | T9: 192.1 | U9: 164.5 | V9: 155.3 | W9: 163.2 | X9: 162.1 | Y9: 162.6 | Z9: 157.5 | AA9: 168.4 | AB9: 154 | AC9: 157.6 | AD9: 163.8 | AE9: 160 | AF9: 160 | AG9: 163.2
B10: Rural+Urban | C10: 2021 | D10: September | E10: 5359.17 | F10: 0.049 | G10: 146.6 | H10: 204 | I10: 172.8 | J10: 158.4 | K10: 188 | L10: 156.7 | M10: 162.3 | N10: 164.1 | O10: 119.7 | P10: 168.8 | Q10: 162.7 | R10: 173.9 | S10: 164 | T10: 192.1 | U10: 164.6 | V10: 155.3 | W10: 163.3 | X10: 162.1 | Y10: 162.6 | Z10: 157.5 | AA10: 168.4 | AB10: 154 | AC10: 157.7 | AD10: 163.7 | AE10: 160 | AF10: 160 | AG10: 163.2
B11: Rural+Urban | C11: 2021 | D11: October | E11: 6146.58 | F11: 0.1469 | G11: 147.4 | H11: 204.6 | I11: 171.2 | J11: 158.7 | K11: 190.6 | L11: 155.7 | M11: 185.3 | N11: 165.2 | O11: 121.9 | P11: 169.3 | Q11: 163.2 | R11: 174.7 | S11: 167.7 | T11: 192.7 | U11: 165.7 | V11: 156.3 | W11: 164.3 | X11: 163.6 | Y11: 164.2 | Z11: 158.4 | AA11: 169.1 | AB11: 155.7 | AC11: 158.6 | AD11: 163.9 | AE11: 160.8 | AF11: 161 | AG11: 165.5
B12: Rural+Urban | C12: 2021 | D12: November | E12: 5952.69 | F12: -0.0315 | G12: 148.2 | H12: 201.6 | I12: 173 | J12: 159.3 | K12: 190.1 | L12: 156.5 | M12: 199.2 | N12: 165.3 | O12: 122.4 | P12: 169.6 | Q12: 163.7 | R12: 175.5 | S12: 169.7 | T12: 192.9 | U12: 167.2 | V12: 157.4 | W12: 165.8 | X12: 164.2 | Y12: 163.9 | Z12: 159.3 | AA12: 169.9 | AB12: 154.8 | AC12: 159.8 | AD12: 164.3 | AE12: 162.2 | AF12: 161.4 | AG12: 166.7
B13: Rural+Urban | C13: 2021 | D13: December | E13: 5504.55 | F13: -0.0753 | G13: 148.7 | H13: 198.8 | I13: 177.9 | J13: 159.9 | K13: 187.6 | L13: 154.9 | M13: 188.3 | N13: 164.4 | O13: 121 | P13: 170.5 | Q13: 164.2 | R13: 176.5 | S13: 168.2 | T13: 192.4 | U13: 168.5 | V13: 158.7 | W13: 167 | X13: 163.4 | Y13: 164.1 | Z13: 160.2 | AA13: 170.6 | AB13: 155.7 | AC13: 160.6 | AD13: 164.4 | AE13: 162.6 | AF13: 162 | AG13: 166.2
... B30: Rural+Urban | C30: 2023 | D30: May | E30: 6102.52 | F30: -0.0977 | G30: 173.7 | H30: 214.3 | I30: 173.2 | J30: 179.5 | K30: 170 | L30: 172.2 | M30: 161 | N30: 175.6 | O30: 122.7 | P30: 218 | Q30: 173.4 | R30: 194.2 | S30: 179.1 | T30: 201 | U30: 187.3 | V30: 179.7 | W30: 186.2 | X30: 175.6 | Y30: 182.8 | Z30: 175.2 | AA30: 185.7 | AB30: 164.8 | AC30: 171.2 | AD30: 177.1 | AE30: 185.2 | AF30: 175.7 | AG30: 179.1
B32: Category | C32: Correlation
B33: Meat and fish | C33: =CORREL(Table7[Meat and fish],Table7[Crude Oil Price]) -> 0.82976
B34: Oils and fats | C34: =CORREL(Table7[Oils and fats],Table7[Crude Oil Price]) -> 0.78612656
B35: Transport and communication | C35: =CORREL(Table7[Transport and communication],Table7[Crude Oil Price]) -> 0.76913462
B36: Recreation and amusement | C36: =CORREL(Table7[Recreation and amusement],Table7[Crude Oil Price]) -> 0.70915144
B37: Food and beverages | C37: =CORREL(Table7[Food and beverages],Table7[Crude Oil Price]) -> 0.69924876
B38: Fuel and light | C38: =CORREL(Table7[Fuel and light],Table7[Crude Oil Price]) -> 0.69868864
B39: Footwear | C39: =CORREL(Table7[Footwear],Table7[Crude Oil Price]) -> 0.67757089
B40: Non-alcoholic beverages | C40: =CORREL(Table7[Non-alcoholic beverages],Table7[Crude Oil Price]) -> 0.67318203
B41: Miscellaneous | C41: =CORREL(Table7[Miscellaneous],Table7[Crude Oil Price]) -> 0.66105301
B42: Clothing and footwear | C42: =CORREL(Table7[Clothing and footwear],Table7[Crude Oil Price]) -> 0.65640718
B43: Clothing | C43: =CORREL(Table7[Clothing],Table7[Crude Oil Price]) -> 0.65210692
B44: Household goods and services | C44: =CORREL(Table7[Household goods and services],Table7[Crude Oil Price]) -> 0.63868476
B45: Prepared meals, snacks, sweets etc. | C45: =CORREL(Table7[Prepared meals, snacks, sweets etc.],Table7[Crude Oil Price]) -> 0.62017585
B46: Health | C46: =CORREL(Table7[Health],Table7[Crude Oil Price]) -> 0.60701634
B47: Education | C47: =CORREL(Table7[Education],Table7[Crude Oil Price]) -> 0.58096182
B48: Sugar and Confectionery | C48: =CORREL(Table7[Sugar and Confectionery],Table7[Crude Oil Price]) -> 0.57884029
B49: Housing | C49: =CORREL(Table7[Housing],Table7[Crude Oil Price]) -> 0.5666944
B50: Fruits | C50: =CORREL(Table7[Fruits],Table7[Crude Oil Price]) -> 0.53866711
B51: Personal care and effects | C51: =CORREL(Table7[Personal care and effects],Table7[Crude Oil Price]) -> 0.53627413
B52: Pan, tobacco and intoxicants | C52: =CORREL(Table7[Pan, tobacco and intoxicants],Table7[Crude Oil Price]) -> 0.53078984
B53: Milk and products | C53: =CORREL(Table7[Milk and products],Table7[Crude Oil Price]) -> 0.50191207
B54: Spices | C54: =CORREL(Table7[Spices],Table7[Crude Oil Price]) -> 0.49037621
B55: Cereals and products | C55: =CORREL(Table7[Cereals and products],Table7[Crude Oil Price]) -> 0.41406418
B56: Vegetables | C56: =CORREL(Table7[Vegetables],Table7[Crude Oil Price]) -> 0.32748325
B57: Pulses and products | C57: =CORREL(Table7[Pulses and products],Table7[Crude Oil Price]) -> 0.32126192
B58: Egg | C58: =CORREL(Table7[Egg],Table7[Crude Oil Price]) -> -0.1057376
B60: Website Used:- https://www.indexmundi.com/commodities/?commodity=crude-oil&months=60&currency=inr
B63: Insights:
B64: Categories whose inflation prices strongly changes with fluctuation in inported crude oil prices are: Meat and fish, Oil and Fats & Transportation and communication
